"busco.10075at7399.faa-ag.phy",31,436
"busco.10108at7399.faa-ag.phy",30,505
"busco.1010at7399.faa-ag.phy",30,1718
"busco.10127at7399.faa-ag.phy",32,449
"busco.10155at7399.faa-ag.phy",30,490
"busco.10229at7399.faa-ag.phy",30,482
"busco.10249at7399.faa-ag.phy",32,499
"busco.10273at7399.faa-ag.phy",31,574
"busco.10275at7399.faa-ag.phy",33,525
"busco.10305at7399.faa-ag.phy",32,496
"busco.10311at7399.faa-ag.phy",31,343
"busco.10332at7399.faa-ag.phy",34,381
"busco.10348at7399.faa-ag.phy",34,607
"busco.10364at7399.faa-ag.phy",30,525
"busco.10373at7399.faa-ag.phy",30,613
"busco.10377at7399.faa-ag.phy",35,460
"busco.10407at7399.faa-ag.phy",35,541
"busco.10420at7399.faa-ag.phy",33,460
"busco.10421at7399.faa-ag.phy",36,477
"busco.10466at7399.faa-ag.phy",30,307
"busco.10494at7399.faa-ag.phy",31,528
"busco.10519at7399.faa-ag.phy",31,499
"busco.10535at7399.faa-ag.phy",36,286
"busco.10555at7399.faa-ag.phy",30,731
"busco.10583at7399.faa-ag.phy",31,418
"busco.10587at7399.faa-ag.phy",32,506
"busco.10590at7399.faa-ag.phy",31,500
"busco.10598at7399.faa-ag.phy",34,420
"busco.10600at7399.faa-ag.phy",30,422
"busco.10627at7399.faa-ag.phy",30,402
"busco.10646at7399.faa-ag.phy",35,472
"busco.10668at7399.faa-ag.phy",33,515
"busco.10683at7399.faa-ag.phy",33,472
"busco.10685at7399.faa-ag.phy",34,809
"busco.10696at7399.faa-ag.phy",31,499
"busco.10749at7399.faa-ag.phy",30,438
"busco.10752at7399.faa-ag.phy",34,479
"busco.10756at7399.faa-ag.phy",31,447
"busco.10789at7399.faa-ag.phy",31,449
"busco.10790at7399.faa-ag.phy",36,439
"busco.10802at7399.faa-ag.phy",30,689
"busco.10807at7399.faa-ag.phy",33,428
"busco.1081at7399.faa-ag.phy",31,1377
"busco.10851at7399.faa-ag.phy",34,262
"busco.10854at7399.faa-ag.phy",32,648
"busco.10861at7399.faa-ag.phy",30,462
"busco.10899at7399.faa-ag.phy",32,702
"busco.10914at7399.faa-ag.phy",30,408
"busco.10955at7399.faa-ag.phy",33,386
"busco.10957at7399.faa-ag.phy",30,426
"busco.10962at7399.faa-ag.phy",30,486
"busco.10967at7399.faa-ag.phy",30,506
"busco.10976at7399.faa-ag.phy",33,398
"busco.10977at7399.faa-ag.phy",32,444
"busco.11015at7399.faa-ag.phy",31,186
"busco.11020at7399.faa-ag.phy",30,473
"busco.11040at7399.faa-ag.phy",34,445
"busco.11045at7399.faa-ag.phy",32,580
"busco.11071at7399.faa-ag.phy",33,516
"busco.11075at7399.faa-ag.phy",30,439
"busco.11085at7399.faa-ag.phy",31,511
"busco.11095at7399.faa-ag.phy",31,556
"busco.11120at7399.faa-ag.phy",30,472
"busco.11121at7399.faa-ag.phy",35,460
"busco.11136at7399.faa-ag.phy",31,431
"busco.11138at7399.faa-ag.phy",35,449
"busco.11204at7399.faa-ag.phy",35,435
"busco.11210at7399.faa-ag.phy",30,505
"busco.11226at7399.faa-ag.phy",33,410
"busco.11268at7399.faa-ag.phy",32,452
"busco.11279at7399.faa-ag.phy",35,540
"busco.11280at7399.faa-ag.phy",32,428
"busco.11316at7399.faa-ag.phy",33,468
"busco.11386at7399.faa-ag.phy",32,636
"busco.11399at7399.faa-ag.phy",37,437
"busco.11415at7399.faa-ag.phy",35,253
"busco.11449at7399.faa-ag.phy",30,658
"busco.11465at7399.faa-ag.phy",30,433
"busco.11470at7399.faa-ag.phy",36,389
"busco.11474at7399.faa-ag.phy",31,424
"busco.1147at7399.faa-ag.phy",32,1930
"busco.11485at7399.faa-ag.phy",31,422
"busco.11486at7399.faa-ag.phy",31,558
"busco.11505at7399.faa-ag.phy",31,447
"busco.11508at7399.faa-ag.phy",31,333
"busco.11511at7399.faa-ag.phy",30,526
"busco.11512at7399.faa-ag.phy",30,531
"busco.11527at7399.faa-ag.phy",31,357
"busco.11545at7399.faa-ag.phy",30,434
"busco.11546at7399.faa-ag.phy",35,470
"busco.11555at7399.faa-ag.phy",30,522
"busco.11558at7399.faa-ag.phy",30,598
"busco.11582at7399.faa-ag.phy",36,443
"busco.11590at7399.faa-ag.phy",33,554
"busco.11611at7399.faa-ag.phy",36,553
"busco.11612at7399.faa-ag.phy",32,527
"busco.11613at7399.faa-ag.phy",32,474
"busco.11627at7399.faa-ag.phy",34,490
"busco.11633at7399.faa-ag.phy",31,481
"busco.11642at7399.faa-ag.phy",32,574
"busco.11645at7399.faa-ag.phy",32,507
"busco.1164at7399.faa-ag.phy",30,1433
"busco.11674at7399.faa-ag.phy",30,443
"busco.1167at7399.faa-ag.phy",30,1564
"busco.11681at7399.faa-ag.phy",31,460
"busco.11687at7399.faa-ag.phy",30,434
"busco.11699at7399.faa-ag.phy",31,569
"busco.11706at7399.faa-ag.phy",32,1014
"busco.11707at7399.faa-ag.phy",31,350
"busco.11713at7399.faa-ag.phy",32,421
"busco.11729at7399.faa-ag.phy",34,421
"busco.11756at7399.faa-ag.phy",33,410
"busco.11793at7399.faa-ag.phy",37,417
"busco.11806at7399.faa-ag.phy",35,392
"busco.11827at7399.faa-ag.phy",33,414
"busco.11836at7399.faa-ag.phy",30,548
"busco.11841at7399.faa-ag.phy",31,659
"busco.11842at7399.faa-ag.phy",31,626
"busco.11848at7399.faa-ag.phy",31,330
"busco.11850at7399.faa-ag.phy",36,437
"busco.11853at7399.faa-ag.phy",30,482
"busco.11866at7399.faa-ag.phy",30,663
"busco.11875at7399.faa-ag.phy",33,513
"busco.11929at7399.faa-ag.phy",30,515
"busco.11943at7399.faa-ag.phy",34,450
"busco.11959at7399.faa-ag.phy",34,525
"busco.1195at7399.faa-ag.phy",31,1223
"busco.11969at7399.faa-ag.phy",36,369
"busco.11981at7399.faa-ag.phy",30,471
"busco.11995at7399.faa-ag.phy",34,416
"busco.11996at7399.faa-ag.phy",35,435
"busco.12003at7399.faa-ag.phy",31,525
"busco.12005at7399.faa-ag.phy",33,517
"busco.12049at7399.faa-ag.phy",34,603
"busco.12054at7399.faa-ag.phy",30,437
"busco.12069at7399.faa-ag.phy",32,422
"busco.12078at7399.faa-ag.phy",33,589
"busco.12088at7399.faa-ag.phy",31,524
"busco.12092at7399.faa-ag.phy",30,431
"busco.12104at7399.faa-ag.phy",33,395
"busco.12105at7399.faa-ag.phy",31,492
"busco.12110at7399.faa-ag.phy",35,493
"busco.12184at7399.faa-ag.phy",34,415
"busco.12204at7399.faa-ag.phy",30,395
"busco.12207at7399.faa-ag.phy",31,361
"busco.12209at7399.faa-ag.phy",32,349
"busco.12227at7399.faa-ag.phy",30,220
"busco.12229at7399.faa-ag.phy",34,591
"busco.12232at7399.faa-ag.phy",34,766
"busco.12238at7399.faa-ag.phy",35,365
"busco.12241at7399.faa-ag.phy",31,494
"busco.12243at7399.faa-ag.phy",33,377
"busco.12255at7399.faa-ag.phy",32,402
"busco.12272at7399.faa-ag.phy",34,481
"busco.12281at7399.faa-ag.phy",30,499
"busco.12324at7399.faa-ag.phy",32,474
"busco.12338at7399.faa-ag.phy",33,391
"busco.12353at7399.faa-ag.phy",35,647
"busco.12363at7399.faa-ag.phy",31,437
"busco.12375at7399.faa-ag.phy",31,263
"busco.12404at7399.faa-ag.phy",31,369
"busco.12406at7399.faa-ag.phy",33,425
"busco.12425at7399.faa-ag.phy",33,449
"busco.12443at7399.faa-ag.phy",33,391
"busco.12444at7399.faa-ag.phy",30,444
"busco.12450at7399.faa-ag.phy",30,873
"busco.12453at7399.faa-ag.phy",36,445
"busco.12454at7399.faa-ag.phy",33,420
"busco.12469at7399.faa-ag.phy",30,654
"busco.12482at7399.faa-ag.phy",31,475
"busco.12506at7399.faa-ag.phy",35,473
"busco.12517at7399.faa-ag.phy",32,417
"busco.12528at7399.faa-ag.phy",32,427
"busco.12541at7399.faa-ag.phy",33,467
"busco.12575at7399.faa-ag.phy",30,463
"busco.12578at7399.faa-ag.phy",35,316
"busco.12587at7399.faa-ag.phy",30,527
"busco.12595at7399.faa-ag.phy",32,471
"busco.12609at7399.faa-ag.phy",30,1802
"busco.1261at7399.faa-ag.phy",36,1565
"busco.12647at7399.faa-ag.phy",32,589
"busco.12653at7399.faa-ag.phy",33,304
"busco.12659at7399.faa-ag.phy",32,397
"busco.12661at7399.faa-ag.phy",31,367
"busco.12664at7399.faa-ag.phy",31,374
"busco.12695at7399.faa-ag.phy",33,478
"busco.12701at7399.faa-ag.phy",31,378
"busco.12707at7399.faa-ag.phy",33,461
"busco.12727at7399.faa-ag.phy",31,446
"busco.12752at7399.faa-ag.phy",32,486
"busco.1275at7399.faa-ag.phy",30,1619
"busco.12784at7399.faa-ag.phy",30,401
"busco.12826at7399.faa-ag.phy",30,488
"busco.12867at7399.faa-ag.phy",30,431
"busco.12879at7399.faa-ag.phy",30,671
"busco.12892at7399.faa-ag.phy",30,467
"busco.12895at7399.faa-ag.phy",35,440
"busco.12915at7399.faa-ag.phy",32,360
"busco.12938at7399.faa-ag.phy",33,431
"busco.1294at7399.faa-ag.phy",31,1330
"busco.12953at7399.faa-ag.phy",34,452
"busco.1298at7399.faa-ag.phy",33,1593
"busco.13018at7399.faa-ag.phy",33,386
"busco.13022at7399.faa-ag.phy",35,502
"busco.13026at7399.faa-ag.phy",35,476
"busco.13084at7399.faa-ag.phy",30,343
"busco.13085at7399.faa-ag.phy",32,413
"busco.13092at7399.faa-ag.phy",34,434
"busco.13097at7399.faa-ag.phy",30,434
"busco.13127at7399.faa-ag.phy",34,507
"busco.13138at7399.faa-ag.phy",31,406
"busco.13139at7399.faa-ag.phy",31,429
"busco.13173at7399.faa-ag.phy",31,539
"busco.1318at7399.faa-ag.phy",36,552
"busco.13236at7399.faa-ag.phy",32,449
"busco.13244at7399.faa-ag.phy",34,263
"busco.13250at7399.faa-ag.phy",36,510
"busco.13261at7399.faa-ag.phy",31,398
"busco.13283at7399.faa-ag.phy",32,619
"busco.13316at7399.faa-ag.phy",34,457
"busco.1331at7399.faa-ag.phy",30,1464
"busco.13342at7399.faa-ag.phy",32,364
"busco.13347at7399.faa-ag.phy",31,402
"busco.13350at7399.faa-ag.phy",31,424
"busco.13358at7399.faa-ag.phy",30,511
"busco.13395at7399.faa-ag.phy",36,246
"busco.13399at7399.faa-ag.phy",33,390
"busco.13407at7399.faa-ag.phy",35,384
"busco.13411at7399.faa-ag.phy",31,539
"busco.13423at7399.faa-ag.phy",32,307
"busco.13446at7399.faa-ag.phy",31,373
"busco.13463at7399.faa-ag.phy",32,498
"busco.13472at7399.faa-ag.phy",33,399
"busco.13495at7399.faa-ag.phy",30,598
"busco.13515at7399.faa-ag.phy",31,386
"busco.1356at7399.faa-ag.phy",30,1167
"busco.13586at7399.faa-ag.phy",30,378
"busco.13589at7399.faa-ag.phy",33,413
"busco.13593at7399.faa-ag.phy",30,428
"busco.13604at7399.faa-ag.phy",30,441
"busco.1362at7399.faa-ag.phy",34,929
"busco.13666at7399.faa-ag.phy",35,390
"busco.13682at7399.faa-ag.phy",34,351
"busco.13692at7399.faa-ag.phy",32,453
"busco.13702at7399.faa-ag.phy",35,444
"busco.13704at7399.faa-ag.phy",32,495
"busco.13708at7399.faa-ag.phy",30,311
"busco.13734at7399.faa-ag.phy",31,355
"busco.13750at7399.faa-ag.phy",33,405
"busco.13776at7399.faa-ag.phy",31,493
"busco.1378at7399.faa-ag.phy",35,1780
"busco.13837at7399.faa-ag.phy",30,638
"busco.13843at7399.faa-ag.phy",33,288
"busco.13853at7399.faa-ag.phy",32,484
"busco.13888at7399.faa-ag.phy",30,415
"busco.13923at7399.faa-ag.phy",31,559
"busco.13951at7399.faa-ag.phy",32,377
"busco.13954at7399.faa-ag.phy",34,379
"busco.13998at7399.faa-ag.phy",34,473
"busco.14009at7399.faa-ag.phy",30,368
"busco.14035at7399.faa-ag.phy",31,534
"busco.14052at7399.faa-ag.phy",31,313
"busco.14064at7399.faa-ag.phy",31,369
"busco.14076at7399.faa-ag.phy",31,466
"busco.14095at7399.faa-ag.phy",34,421
"busco.14101at7399.faa-ag.phy",36,383
"busco.14115at7399.faa-ag.phy",32,419
"busco.14118at7399.faa-ag.phy",31,423
"busco.14120at7399.faa-ag.phy",34,484
"busco.14163at7399.faa-ag.phy",34,403
"busco.14174at7399.faa-ag.phy",30,545
"busco.1419at7399.faa-ag.phy",31,1486
"busco.14204at7399.faa-ag.phy",33,244
"busco.14225at7399.faa-ag.phy",33, 96
"busco.14243at7399.faa-ag.phy",31,510
"busco.14251at7399.faa-ag.phy",31,366
"busco.14259at7399.faa-ag.phy",34,310
"busco.14264at7399.faa-ag.phy",30,402
"busco.14266at7399.faa-ag.phy",32,400
"busco.14288at7399.faa-ag.phy",31,441
"busco.14292at7399.faa-ag.phy",30,387
"busco.14313at7399.faa-ag.phy",35,271
"busco.14315at7399.faa-ag.phy",32,408
"busco.14317at7399.faa-ag.phy",30,321
"busco.14332at7399.faa-ag.phy",33,384
"busco.14337at7399.faa-ag.phy",31,343
"busco.14395at7399.faa-ag.phy",30,481
"busco.14400at7399.faa-ag.phy",32,699
"busco.14404at7399.faa-ag.phy",30,377
"busco.14442at7399.faa-ag.phy",31,389
"busco.14451at7399.faa-ag.phy",30,291
"busco.14458at7399.faa-ag.phy",31,351
"busco.14465at7399.faa-ag.phy",34,448
"busco.14483at7399.faa-ag.phy",34,400
"busco.14515at7399.faa-ag.phy",35,351
"busco.14527at7399.faa-ag.phy",32,466
"busco.14539at7399.faa-ag.phy",31,393
"busco.14544at7399.faa-ag.phy",32,485
"busco.14580at7399.faa-ag.phy",30,1623
"busco.14629at7399.faa-ag.phy",30,559
"busco.14647at7399.faa-ag.phy",30,401
"busco.14678at7399.faa-ag.phy",34,440
"busco.14679at7399.faa-ag.phy",34,466
"busco.14706at7399.faa-ag.phy",30,425
"busco.14725at7399.faa-ag.phy",34,166
"busco.14745at7399.faa-ag.phy",32,331
"busco.14753at7399.faa-ag.phy",31,379
"busco.14755at7399.faa-ag.phy",30,407
"busco.14776at7399.faa-ag.phy",34,230
"busco.14806at7399.faa-ag.phy",35,288
"busco.14849at7399.faa-ag.phy",32,351
"busco.14877at7399.faa-ag.phy",36,563
"busco.14916at7399.faa-ag.phy",31,428
"busco.14920at7399.faa-ag.phy",30,453
"busco.14937at7399.faa-ag.phy",36,426
"busco.1494at7399.faa-ag.phy",34,1785
"busco.14951at7399.faa-ag.phy",31,360
"busco.14952at7399.faa-ag.phy",34,360
"busco.14982at7399.faa-ag.phy",30,288
"busco.15002at7399.faa-ag.phy",36,595
"busco.15008at7399.faa-ag.phy",31,361
"busco.15015at7399.faa-ag.phy",30,381
"busco.1502at7399.faa-ag.phy",33,1197
"busco.15042at7399.faa-ag.phy",30,394
"busco.15043at7399.faa-ag.phy",31,382
"busco.15055at7399.faa-ag.phy",32,459
"busco.15060at7399.faa-ag.phy",31,489
"busco.15089at7399.faa-ag.phy",30,307
"busco.1508at7399.faa-ag.phy",35,849
"busco.150at7399.faa-ag.phy",31,2357
"busco.15128at7399.faa-ag.phy",32,331
"busco.15140at7399.faa-ag.phy",35,379
"busco.15141at7399.faa-ag.phy",30,375
"busco.15142at7399.faa-ag.phy",35,388
"busco.15145at7399.faa-ag.phy",32,378
"busco.15152at7399.faa-ag.phy",30,423
"busco.15157at7399.faa-ag.phy",31,395
"busco.15199at7399.faa-ag.phy",30,385
"busco.15223at7399.faa-ag.phy",35,654
"busco.15233at7399.faa-ag.phy",33,412
"busco.15256at7399.faa-ag.phy",31,341
"busco.15283at7399.faa-ag.phy",30,336
"busco.15304at7399.faa-ag.phy",33,353
"busco.15319at7399.faa-ag.phy",33,444
"busco.15335at7399.faa-ag.phy",30,599
"busco.1534at7399.faa-ag.phy",30,1233
"busco.15361at7399.faa-ag.phy",33,330
"busco.15362at7399.faa-ag.phy",33,273
"busco.15373at7399.faa-ag.phy",32,345
"busco.15395at7399.faa-ag.phy",32,336
"busco.15402at7399.faa-ag.phy",30,402
"busco.15414at7399.faa-ag.phy",33,377
"busco.15420at7399.faa-ag.phy",32,305
"busco.15421at7399.faa-ag.phy",30,355
"busco.15431at7399.faa-ag.phy",33,425
"busco.15439at7399.faa-ag.phy",32,294
"busco.15447at7399.faa-ag.phy",31,363
"busco.15457at7399.faa-ag.phy",31,415
"busco.15497at7399.faa-ag.phy",31,490
"busco.15522at7399.faa-ag.phy",31,386
"busco.15539at7399.faa-ag.phy",31,257
"busco.15586at7399.faa-ag.phy",32,190
"busco.15602at7399.faa-ag.phy",33,344
"busco.15611at7399.faa-ag.phy",33,394
"busco.15628at7399.faa-ag.phy",30,328
"busco.15630at7399.faa-ag.phy",31,327
"busco.15656at7399.faa-ag.phy",34,296
"busco.15661at7399.faa-ag.phy",36,363
"busco.15686at7399.faa-ag.phy",31,274
"busco.15691at7399.faa-ag.phy",31,438
"busco.15700at7399.faa-ag.phy",30,373
"busco.15737at7399.faa-ag.phy",35,496
"busco.15744at7399.faa-ag.phy",33,347
"busco.1574at7399.faa-ag.phy",30,999
"busco.1575at7399.faa-ag.phy",36,1183
"busco.15765at7399.faa-ag.phy",30,330
"busco.15773at7399.faa-ag.phy",32,369
"busco.15795at7399.faa-ag.phy",33,488
"busco.15841at7399.faa-ag.phy",32,407
"busco.15855at7399.faa-ag.phy",30,255
"busco.15865at7399.faa-ag.phy",30,332
"busco.15880at7399.faa-ag.phy",31,279
"busco.15908at7399.faa-ag.phy",33,353
"busco.15931at7399.faa-ag.phy",30,346
"busco.15962at7399.faa-ag.phy",30,315
"busco.15963at7399.faa-ag.phy",33,337
"busco.15988at7399.faa-ag.phy",33,505
"busco.159at7399.faa-ag.phy",34,2905
"busco.16004at7399.faa-ag.phy",34,363
"busco.16005at7399.faa-ag.phy",34,392
"busco.16011at7399.faa-ag.phy",33,417
"busco.1602at7399.faa-ag.phy",36,1172
"busco.16041at7399.faa-ag.phy",30,355
"busco.16048at7399.faa-ag.phy",30,330
"busco.16050at7399.faa-ag.phy",32,347
"busco.16108at7399.faa-ag.phy",31,304
"busco.16117at7399.faa-ag.phy",34,388
"busco.16138at7399.faa-ag.phy",31,344
"busco.16142at7399.faa-ag.phy",31,391
"busco.16165at7399.faa-ag.phy",30,328
"busco.1616at7399.faa-ag.phy",32,2319
"busco.16191at7399.faa-ag.phy",35,392
"busco.16202at7399.faa-ag.phy",34,246
"busco.1620at7399.faa-ag.phy",33,1266
"busco.16222at7399.faa-ag.phy",32,392
"busco.16243at7399.faa-ag.phy",31,293
"busco.16264at7399.faa-ag.phy",30,359
"busco.16280at7399.faa-ag.phy",30,274
"busco.16283at7399.faa-ag.phy",33,291
"busco.16306at7399.faa-ag.phy",35,694
"busco.16329at7399.faa-ag.phy",33,316
"busco.16347at7399.faa-ag.phy",32,356
"busco.16364at7399.faa-ag.phy",33,304
"busco.16366at7399.faa-ag.phy",31,251
"busco.16372at7399.faa-ag.phy",33,232
"busco.16374at7399.faa-ag.phy",37,336
"busco.16407at7399.faa-ag.phy",34,323
"busco.16425at7399.faa-ag.phy",30,343
"busco.16426at7399.faa-ag.phy",32,318
"busco.16433at7399.faa-ag.phy",32,414
"busco.16437at7399.faa-ag.phy",34,350
"busco.16453at7399.faa-ag.phy",31,351
"busco.16457at7399.faa-ag.phy",34,390
"busco.16461at7399.faa-ag.phy",31,487
"busco.16487at7399.faa-ag.phy",34,316
"busco.16502at7399.faa-ag.phy",36,388
"busco.16533at7399.faa-ag.phy",30,309
"busco.16535at7399.faa-ag.phy",34,292
"busco.16536at7399.faa-ag.phy",34,233
"busco.16540at7399.faa-ag.phy",32,341
"busco.16588at7399.faa-ag.phy",30,254
"busco.16595at7399.faa-ag.phy",35,376
"busco.16599at7399.faa-ag.phy",35,430
"busco.16614at7399.faa-ag.phy",31,314
"busco.16617at7399.faa-ag.phy",35,359
"busco.16661at7399.faa-ag.phy",36,310
"busco.16669at7399.faa-ag.phy",33,397
"busco.16675at7399.faa-ag.phy",32,329
"busco.16688at7399.faa-ag.phy",31,387
"busco.16705at7399.faa-ag.phy",32,325
"busco.16711at7399.faa-ag.phy",36,355
"busco.16722at7399.faa-ag.phy",33,444
"busco.16747at7399.faa-ag.phy",34,424
"busco.16761at7399.faa-ag.phy",32,278
"busco.16766at7399.faa-ag.phy",34,423
"busco.16767at7399.faa-ag.phy",30,441
"busco.16773at7399.faa-ag.phy",35,340
"busco.16784at7399.faa-ag.phy",35,301
"busco.16838at7399.faa-ag.phy",30,391
"busco.16855at7399.faa-ag.phy",34,339
"busco.16857at7399.faa-ag.phy",33,369
"busco.1688at7399.faa-ag.phy",30,1591
"busco.16906at7399.faa-ag.phy",30,513
"busco.16910at7399.faa-ag.phy",37,342
"busco.16913at7399.faa-ag.phy",30,314
"busco.16937at7399.faa-ag.phy",31,410
"busco.16950at7399.faa-ag.phy",35,351
"busco.16956at7399.faa-ag.phy",34,441
"busco.16973at7399.faa-ag.phy",35,301
"busco.16999at7399.faa-ag.phy",34,295
"busco.17010at7399.faa-ag.phy",30,388
"busco.17035at7399.faa-ag.phy",31,313
"busco.17037at7399.faa-ag.phy",33,259
"busco.17113at7399.faa-ag.phy",32,352
"busco.17125at7399.faa-ag.phy",32,339
"busco.1712at7399.faa-ag.phy",33,763
"busco.17151at7399.faa-ag.phy",31,324
"busco.17158at7399.faa-ag.phy",30,269
"busco.17231at7399.faa-ag.phy",30,460
"busco.17244at7399.faa-ag.phy",31,301
"busco.17317at7399.faa-ag.phy",30,312
"busco.17350at7399.faa-ag.phy",35,336
"busco.17357at7399.faa-ag.phy",33,394
"busco.17365at7399.faa-ag.phy",35,637
"busco.17370at7399.faa-ag.phy",31,224
"busco.17410at7399.faa-ag.phy",35,327
"busco.17411at7399.faa-ag.phy",33,974
"busco.17417at7399.faa-ag.phy",34,251
"busco.17425at7399.faa-ag.phy",36,334
"busco.17463at7399.faa-ag.phy",30,356
"busco.17466at7399.faa-ag.phy",32,367
"busco.17467at7399.faa-ag.phy",35,385
"busco.17469at7399.faa-ag.phy",32,323
"busco.17480at7399.faa-ag.phy",33,242
"busco.17492at7399.faa-ag.phy",31,308
"busco.17545at7399.faa-ag.phy",36,282
"busco.17574at7399.faa-ag.phy",34,677
"busco.17608at7399.faa-ag.phy",30,563
"busco.17609at7399.faa-ag.phy",30,726
"busco.17650at7399.faa-ag.phy",35,505
"busco.17663at7399.faa-ag.phy",31,286
"busco.17683at7399.faa-ag.phy",31,313
"busco.17684at7399.faa-ag.phy",31,331
"busco.17697at7399.faa-ag.phy",35,342
"busco.17728at7399.faa-ag.phy",31,317
"busco.17753at7399.faa-ag.phy",31,359
"busco.17787at7399.faa-ag.phy",31,370
"busco.17790at7399.faa-ag.phy",32,374
"busco.17797at7399.faa-ag.phy",30,489
"busco.17817at7399.faa-ag.phy",31,265
"busco.1783at7399.faa-ag.phy",31,882
"busco.17860at7399.faa-ag.phy",32,258
"busco.17873at7399.faa-ag.phy",32,332
"busco.17875at7399.faa-ag.phy",31,393
"busco.17895at7399.faa-ag.phy",30,320
"busco.17911at7399.faa-ag.phy",32,698
"busco.17918at7399.faa-ag.phy",36,317
"busco.17945at7399.faa-ag.phy",30,216
"busco.17946at7399.faa-ag.phy",31,347
"busco.17970at7399.faa-ag.phy",33,300
"busco.17987at7399.faa-ag.phy",30,740
"busco.17991at7399.faa-ag.phy",31,303
"busco.17995at7399.faa-ag.phy",31,329
"busco.18007at7399.faa-ag.phy",36,511
"busco.18016at7399.faa-ag.phy",30,346
"busco.1802at7399.faa-ag.phy",34,1149
"busco.18032at7399.faa-ag.phy",32,508
"busco.18046at7399.faa-ag.phy",31,396
"busco.18067at7399.faa-ag.phy",31,263
"busco.18070at7399.faa-ag.phy",35,409
"busco.18081at7399.faa-ag.phy",33,446
"busco.18087at7399.faa-ag.phy",31,447
"busco.18103at7399.faa-ag.phy",35,333
"busco.18105at7399.faa-ag.phy",34,293
"busco.18122at7399.faa-ag.phy",32,316
"busco.1812at7399.faa-ag.phy",36,1332
"busco.18151at7399.faa-ag.phy",31,541
"busco.18176at7399.faa-ag.phy",30,279
"busco.18186at7399.faa-ag.phy",30,377
"busco.18187at7399.faa-ag.phy",32,331
"busco.1819at7399.faa-ag.phy",34,1090
"busco.18212at7399.faa-ag.phy",31,263
"busco.18214at7399.faa-ag.phy",34,818
"busco.18215at7399.faa-ag.phy",37,734
"busco.18242at7399.faa-ag.phy",30,515
"busco.18280at7399.faa-ag.phy",33,288
"busco.18294at7399.faa-ag.phy",30,301
"busco.18303at7399.faa-ag.phy",32,500
"busco.18321at7399.faa-ag.phy",35,282
"busco.18329at7399.faa-ag.phy",33,341
"busco.18373at7399.faa-ag.phy",37,201
"busco.18382at7399.faa-ag.phy",31,419
"busco.18435at7399.faa-ag.phy",33,295
"busco.18458at7399.faa-ag.phy",31,320
"busco.18462at7399.faa-ag.phy",32,267
"busco.18464at7399.faa-ag.phy",37,385
"busco.18479at7399.faa-ag.phy",30,314
"busco.18494at7399.faa-ag.phy",30,359
"busco.18535at7399.faa-ag.phy",32,329
"busco.18546at7399.faa-ag.phy",31,405
"busco.18548at7399.faa-ag.phy",35,332
"busco.18572at7399.faa-ag.phy",31,260
"busco.18576at7399.faa-ag.phy",34,318
"busco.18597at7399.faa-ag.phy",31,240
"busco.18608at7399.faa-ag.phy",33,388
"busco.1861at7399.faa-ag.phy",34,1090
"busco.1862at7399.faa-ag.phy",36,1261
"busco.18630at7399.faa-ag.phy",33,323
"busco.18631at7399.faa-ag.phy",36,317
"busco.18650at7399.faa-ag.phy",31,367
"busco.18657at7399.faa-ag.phy",30,462
"busco.18660at7399.faa-ag.phy",33,468
"busco.18673at7399.faa-ag.phy",32,307
"busco.18679at7399.faa-ag.phy",31,383
"busco.18703at7399.faa-ag.phy",35,334
"busco.18710at7399.faa-ag.phy",33,521
"busco.18716at7399.faa-ag.phy",31,281
"busco.18752at7399.faa-ag.phy",33,299
"busco.18761at7399.faa-ag.phy",34,321
"busco.18766at7399.faa-ag.phy",34,432
"busco.18769at7399.faa-ag.phy",33,390
"busco.18775at7399.faa-ag.phy",30,312
"busco.18779at7399.faa-ag.phy",31,322
"busco.18808at7399.faa-ag.phy",37,310
"busco.18811at7399.faa-ag.phy",34,358
"busco.18834at7399.faa-ag.phy",30,323
"busco.18856at7399.faa-ag.phy",32,255
"busco.18875at7399.faa-ag.phy",34,289
"busco.18887at7399.faa-ag.phy",33,357
"busco.18909at7399.faa-ag.phy",37,371
"busco.18939at7399.faa-ag.phy",32,379
"busco.18948at7399.faa-ag.phy",34,512
"busco.18962at7399.faa-ag.phy",30,605
"busco.18988at7399.faa-ag.phy",32,312
"busco.1898at7399.faa-ag.phy",30,1494
"busco.18996at7399.faa-ag.phy",34,405
"busco.19020at7399.faa-ag.phy",34,304
"busco.19038at7399.faa-ag.phy",30,298
"busco.19052at7399.faa-ag.phy",31,337
"busco.19073at7399.faa-ag.phy",30,315
"busco.19107at7399.faa-ag.phy",35,465
"busco.19131at7399.faa-ag.phy",30,348
"busco.19175at7399.faa-ag.phy",33,342
"busco.19180at7399.faa-ag.phy",30,245
"busco.19186at7399.faa-ag.phy",31,273
"busco.19234at7399.faa-ag.phy",37,225
"busco.19240at7399.faa-ag.phy",34,438
"busco.19264at7399.faa-ag.phy",32,329
"busco.19265at7399.faa-ag.phy",30,303
"busco.19289at7399.faa-ag.phy",32,287
"busco.19293at7399.faa-ag.phy",31,316
"busco.19298at7399.faa-ag.phy",30,249
"busco.19325at7399.faa-ag.phy",31,270
"busco.19330at7399.faa-ag.phy",34,321
"busco.19334at7399.faa-ag.phy",35,229
"busco.19350at7399.faa-ag.phy",30,272
"busco.19352at7399.faa-ag.phy",33,293
"busco.19358at7399.faa-ag.phy",32,340
"busco.19367at7399.faa-ag.phy",31,266
"busco.19381at7399.faa-ag.phy",32,374
"busco.19410at7399.faa-ag.phy",32,348
"busco.19415at7399.faa-ag.phy",33,199
"busco.1942at7399.faa-ag.phy",33,938
"busco.19443at7399.faa-ag.phy",35,496
"busco.19445at7399.faa-ag.phy",30,272
"busco.19450at7399.faa-ag.phy",33,282
"busco.19474at7399.faa-ag.phy",34,251
"busco.19478at7399.faa-ag.phy",34,284
"busco.1949at7399.faa-ag.phy",33,1045
"busco.19504at7399.faa-ag.phy",35,452
"busco.19509at7399.faa-ag.phy",30,283
"busco.19514at7399.faa-ag.phy",32,308
"busco.19563at7399.faa-ag.phy",30,269
"busco.19564at7399.faa-ag.phy",30,294
"busco.1959at7399.faa-ag.phy",32,1173
"busco.19600at7399.faa-ag.phy",33,269
"busco.19602at7399.faa-ag.phy",33,270
"busco.19634at7399.faa-ag.phy",31,298
"busco.19639at7399.faa-ag.phy",32,324
"busco.19658at7399.faa-ag.phy",30,292
"busco.1966at7399.faa-ag.phy",33,1395
"busco.19673at7399.faa-ag.phy",33,251
"busco.19677at7399.faa-ag.phy",30,295
"busco.19679at7399.faa-ag.phy",31,275
"busco.19685at7399.faa-ag.phy",33,288
"busco.19692at7399.faa-ag.phy",33,309
"busco.19695at7399.faa-ag.phy",32,246
"busco.19702at7399.faa-ag.phy",32,281
"busco.19719at7399.faa-ag.phy",31,514
"busco.19737at7399.faa-ag.phy",31,302
"busco.19742at7399.faa-ag.phy",32,377
"busco.19753at7399.faa-ag.phy",37,382
"busco.19756at7399.faa-ag.phy",31,601
"busco.19769at7399.faa-ag.phy",34,313
"busco.19785at7399.faa-ag.phy",34,340
"busco.19810at7399.faa-ag.phy",30,306
"busco.19814at7399.faa-ag.phy",32,309
"busco.19817at7399.faa-ag.phy",32,315
"busco.19832at7399.faa-ag.phy",33,243
"busco.19833at7399.faa-ag.phy",30,282
"busco.19861at7399.faa-ag.phy",30,271
"busco.19862at7399.faa-ag.phy",31,284
"busco.19926at7399.faa-ag.phy",31,354
"busco.19928at7399.faa-ag.phy",34,346
"busco.19992at7399.faa-ag.phy",31,270
"busco.1at7399.faa-ag.phy",31,3496
"busco.20007at7399.faa-ag.phy",34,296
"busco.20015at7399.faa-ag.phy",31,358
"busco.20017at7399.faa-ag.phy",35,380
"busco.20030at7399.faa-ag.phy",32,251
"busco.20065at7399.faa-ag.phy",35,499
"busco.20097at7399.faa-ag.phy",30,218
"busco.20119at7399.faa-ag.phy",31,421
"busco.20153at7399.faa-ag.phy",30,293
"busco.20187at7399.faa-ag.phy",30,291
"busco.20199at7399.faa-ag.phy",33,340
"busco.20209at7399.faa-ag.phy",30,361
"busco.2023at7399.faa-ag.phy",31,1108
"busco.2024at7399.faa-ag.phy",35,892
"busco.20276at7399.faa-ag.phy",33,168
"busco.20287at7399.faa-ag.phy",33,280
"busco.20308at7399.faa-ag.phy",31,411
"busco.20311at7399.faa-ag.phy",34,120
"busco.20345at7399.faa-ag.phy",31,271
"busco.20368at7399.faa-ag.phy",32,394
"busco.2040at7399.faa-ag.phy",33,796
"busco.20449at7399.faa-ag.phy",34,278
"busco.20453at7399.faa-ag.phy",35,271
"busco.20456at7399.faa-ag.phy",36,330
"busco.20474at7399.faa-ag.phy",31,220
"busco.20486at7399.faa-ag.phy",34,261
"busco.20492at7399.faa-ag.phy",33,376
"busco.20500at7399.faa-ag.phy",32,320
"busco.20525at7399.faa-ag.phy",31,412
"busco.20529at7399.faa-ag.phy",36,333
"busco.20563at7399.faa-ag.phy",34,270
"busco.20585at7399.faa-ag.phy",30,326
"busco.20590at7399.faa-ag.phy",33,298
"busco.20598at7399.faa-ag.phy",32,275
"busco.20600at7399.faa-ag.phy",30,312
"busco.20607at7399.faa-ag.phy",37,342
"busco.20629at7399.faa-ag.phy",35,190
"busco.2064at7399.faa-ag.phy",32,963
"busco.20657at7399.faa-ag.phy",35,291
"busco.20689at7399.faa-ag.phy",33,300
"busco.20725at7399.faa-ag.phy",34,325
"busco.20727at7399.faa-ag.phy",32,316
"busco.20738at7399.faa-ag.phy",34,267
"busco.20788at7399.faa-ag.phy",30,301
"busco.20790at7399.faa-ag.phy",32,319
"busco.20798at7399.faa-ag.phy",35,222
"busco.2079at7399.faa-ag.phy",30,1115
"busco.20801at7399.faa-ag.phy",37,208
"busco.20810at7399.faa-ag.phy",32,313
"busco.20829at7399.faa-ag.phy",34,258
"busco.20842at7399.faa-ag.phy",37,127
"busco.20859at7399.faa-ag.phy",30,236
"busco.20864at7399.faa-ag.phy",34,234
"busco.20869at7399.faa-ag.phy",32,209
"busco.20882at7399.faa-ag.phy",30,285
"busco.20888at7399.faa-ag.phy",32,460
"busco.20918at7399.faa-ag.phy",35,428
"busco.20958at7399.faa-ag.phy",33,210
"busco.20986at7399.faa-ag.phy",32,297
"busco.20990at7399.faa-ag.phy",31,317
"busco.21010at7399.faa-ag.phy",34,277
"busco.21012at7399.faa-ag.phy",35,286
"busco.21022at7399.faa-ag.phy",31,331
"busco.21054at7399.faa-ag.phy",32,331
"busco.21071at7399.faa-ag.phy",30,261
"busco.21093at7399.faa-ag.phy",34,250
"busco.21150at7399.faa-ag.phy",33,295
"busco.21170at7399.faa-ag.phy",34,254
"busco.21175at7399.faa-ag.phy",32,319
"busco.21209at7399.faa-ag.phy",31,326
"busco.21237at7399.faa-ag.phy",31,286
"busco.21255at7399.faa-ag.phy",30,284
"busco.21269at7399.faa-ag.phy",36,280
"busco.21282at7399.faa-ag.phy",34,349
"busco.21290at7399.faa-ag.phy",30,232
"busco.21299at7399.faa-ag.phy",32,205
"busco.21329at7399.faa-ag.phy",31,222
"busco.21331at7399.faa-ag.phy",33,254
"busco.21338at7399.faa-ag.phy",32,279
"busco.21343at7399.faa-ag.phy",30,291
"busco.21381at7399.faa-ag.phy",31,267
"busco.21393at7399.faa-ag.phy",34,243
"busco.21415at7399.faa-ag.phy",33,180
"busco.21416at7399.faa-ag.phy",31,241
"busco.21419at7399.faa-ag.phy",35,234
"busco.21470at7399.faa-ag.phy",32,337
"busco.21473at7399.faa-ag.phy",32,186
"busco.21481at7399.faa-ag.phy",37,192
"busco.21492at7399.faa-ag.phy",31,303
"busco.21496at7399.faa-ag.phy",36,253
"busco.21525at7399.faa-ag.phy",35,253
"busco.21529at7399.faa-ag.phy",30,263
"busco.21533at7399.faa-ag.phy",31,191
"busco.21546at7399.faa-ag.phy",35,217
"busco.21555at7399.faa-ag.phy",32,331
"busco.21558at7399.faa-ag.phy",30,274
"busco.21563at7399.faa-ag.phy",35,266
"busco.21571at7399.faa-ag.phy",32,231
"busco.21595at7399.faa-ag.phy",33,241
"busco.21599at7399.faa-ag.phy",30,262
"busco.21609at7399.faa-ag.phy",32,229
"busco.21613at7399.faa-ag.phy",33,294
"busco.21615at7399.faa-ag.phy",36,236
"busco.21629at7399.faa-ag.phy",35,312
"busco.21632at7399.faa-ag.phy",32,234
"busco.2164at7399.faa-ag.phy",36,662
"busco.21654at7399.faa-ag.phy",33,259
"busco.21664at7399.faa-ag.phy",34,341
"busco.21665at7399.faa-ag.phy",31,275
"busco.21671at7399.faa-ag.phy",30,358
"busco.21678at7399.faa-ag.phy",30,581
"busco.21688at7399.faa-ag.phy",30,280
"busco.21690at7399.faa-ag.phy",33,317
"busco.21693at7399.faa-ag.phy",30,216
"busco.21696at7399.faa-ag.phy",31,221
"busco.21700at7399.faa-ag.phy",34,239
"busco.21703at7399.faa-ag.phy",30,226
"busco.21707at7399.faa-ag.phy",31,299
"busco.21709at7399.faa-ag.phy",32,228
"busco.21745at7399.faa-ag.phy",33,240
"busco.21777at7399.faa-ag.phy",35,222
"busco.21800at7399.faa-ag.phy",31,234
"busco.21803at7399.faa-ag.phy",32,275
"busco.21812at7399.faa-ag.phy",35,320
"busco.21825at7399.faa-ag.phy",33,417
"busco.21834at7399.faa-ag.phy",32,255
"busco.21846at7399.faa-ag.phy",34,297
"busco.21871at7399.faa-ag.phy",31,279
"busco.21892at7399.faa-ag.phy",32,194
"busco.21904at7399.faa-ag.phy",33,247
"busco.21907at7399.faa-ag.phy",31,325
"busco.21911at7399.faa-ag.phy",31,278
"busco.21925at7399.faa-ag.phy",31,219
"busco.21926at7399.faa-ag.phy",33,223
"busco.21938at7399.faa-ag.phy",36,225
"busco.2195at7399.faa-ag.phy",31,1058
"busco.21970at7399.faa-ag.phy",33,231
"busco.21989at7399.faa-ag.phy",32,246
"busco.2198at7399.faa-ag.phy",31,706
"busco.21999at7399.faa-ag.phy",30,287
"busco.22022at7399.faa-ag.phy",31,205
"busco.22027at7399.faa-ag.phy",33,246
"busco.22077at7399.faa-ag.phy",31,186
"busco.22105at7399.faa-ag.phy",30,249
"busco.22106at7399.faa-ag.phy",30,252
"busco.22111at7399.faa-ag.phy",37,264
"busco.22115at7399.faa-ag.phy",31,195
"busco.22119at7399.faa-ag.phy",30,291
"busco.22121at7399.faa-ag.phy",30,342
"busco.22141at7399.faa-ag.phy",35,193
"busco.22143at7399.faa-ag.phy",30,279
"busco.22145at7399.faa-ag.phy",30,407
"busco.22158at7399.faa-ag.phy",32,227
"busco.22161at7399.faa-ag.phy",30,250
"busco.22194at7399.faa-ag.phy",34,211
"busco.22203at7399.faa-ag.phy",30,268
"busco.22213at7399.faa-ag.phy",31,297
"busco.22233at7399.faa-ag.phy",35,230
"busco.22245at7399.faa-ag.phy",31,314
"busco.22289at7399.faa-ag.phy",35,234
"busco.22315at7399.faa-ag.phy",31,255
"busco.22318at7399.faa-ag.phy",35,274
"busco.22332at7399.faa-ag.phy",31,228
"busco.22339at7399.faa-ag.phy",32,279
"busco.2233at7399.faa-ag.phy",30,1043
"busco.22340at7399.faa-ag.phy",36,278
"busco.22343at7399.faa-ag.phy",36,235
"busco.22364at7399.faa-ag.phy",32,212
"busco.22365at7399.faa-ag.phy",35,240
"busco.22368at7399.faa-ag.phy",32,273
"busco.22377at7399.faa-ag.phy",31,322
"busco.22379at7399.faa-ag.phy",34,322
"busco.22394at7399.faa-ag.phy",34,231
"busco.22403at7399.faa-ag.phy",31,233
"busco.22406at7399.faa-ag.phy",33,246
"busco.22435at7399.faa-ag.phy",32,371
"busco.22457at7399.faa-ag.phy",30,294
"busco.22473at7399.faa-ag.phy",34,224
"busco.22477at7399.faa-ag.phy",36,251
"busco.22481at7399.faa-ag.phy",31,250
"busco.22483at7399.faa-ag.phy",32,201
"busco.2248at7399.faa-ag.phy",34,1170
"busco.22494at7399.faa-ag.phy",31,276
"busco.22497at7399.faa-ag.phy",32,270
"busco.22505at7399.faa-ag.phy",31,363
"busco.22509at7399.faa-ag.phy",35,327
"busco.22512at7399.faa-ag.phy",33,328
"busco.22520at7399.faa-ag.phy",30,180
"busco.2252at7399.faa-ag.phy",31,1213
"busco.22539at7399.faa-ag.phy",31,337
"busco.22572at7399.faa-ag.phy",30,337
"busco.22604at7399.faa-ag.phy",30,211
"busco.22615at7399.faa-ag.phy",31,169
"busco.22631at7399.faa-ag.phy",35,279
"busco.22634at7399.faa-ag.phy",36,384
"busco.22646at7399.faa-ag.phy",34,306
"busco.22651at7399.faa-ag.phy",30,216
"busco.22653at7399.faa-ag.phy",32,216
"busco.22655at7399.faa-ag.phy",32,215
"busco.22666at7399.faa-ag.phy",31,289
"busco.22687at7399.faa-ag.phy",31,224
"busco.22690at7399.faa-ag.phy",30,244
"busco.22694at7399.faa-ag.phy",31,200
"busco.22701at7399.faa-ag.phy",35,286
"busco.22718at7399.faa-ag.phy",36,214
"busco.22720at7399.faa-ag.phy",30,226
"busco.22721at7399.faa-ag.phy",31,236
"busco.22722at7399.faa-ag.phy",31,201
"busco.22735at7399.faa-ag.phy",32,306
"busco.22760at7399.faa-ag.phy",32,238
"busco.22767at7399.faa-ag.phy",31,327
"busco.22784at7399.faa-ag.phy",34,201
"busco.22820at7399.faa-ag.phy",31,416
"busco.22842at7399.faa-ag.phy",30,550
"busco.22846at7399.faa-ag.phy",30,154
"busco.22848at7399.faa-ag.phy",30,247
"busco.22881at7399.faa-ag.phy",31,218
"busco.22893at7399.faa-ag.phy",36,304
"busco.22903at7399.faa-ag.phy",37,218
"busco.22904at7399.faa-ag.phy",33,210
"busco.22914at7399.faa-ag.phy",34,258
"busco.22921at7399.faa-ag.phy",35,269
"busco.22940at7399.faa-ag.phy",34,185
"busco.22942at7399.faa-ag.phy",30,177
"busco.22945at7399.faa-ag.phy",30,245
"busco.22946at7399.faa-ag.phy",32,263
"busco.22958at7399.faa-ag.phy",30,248
"busco.22997at7399.faa-ag.phy",31,194
"busco.2299at7399.faa-ag.phy",32,1093
"busco.23005at7399.faa-ag.phy",35,232
"busco.23025at7399.faa-ag.phy",35,250
"busco.23026at7399.faa-ag.phy",33,219
"busco.23030at7399.faa-ag.phy",31,215
"busco.23033at7399.faa-ag.phy",33,258
"busco.23046at7399.faa-ag.phy",32,318
"busco.23064at7399.faa-ag.phy",30,239
"busco.23066at7399.faa-ag.phy",35,271
"busco.23071at7399.faa-ag.phy",31,414
"busco.23074at7399.faa-ag.phy",31,305
"busco.23078at7399.faa-ag.phy",30,204
"busco.23079at7399.faa-ag.phy",31,201
"busco.23080at7399.faa-ag.phy",30,217
"busco.23095at7399.faa-ag.phy",34,263
"busco.23119at7399.faa-ag.phy",32,358
"busco.23124at7399.faa-ag.phy",35,208
"busco.23126at7399.faa-ag.phy",35,216
"busco.23137at7399.faa-ag.phy",33,224
"busco.23149at7399.faa-ag.phy",33,317
"busco.23157at7399.faa-ag.phy",33,205
"busco.23174at7399.faa-ag.phy",31,318
"busco.23213at7399.faa-ag.phy",30,184
"busco.23247at7399.faa-ag.phy",32,202
"busco.23248at7399.faa-ag.phy",31,203
"busco.23290at7399.faa-ag.phy",30,264
"busco.23308at7399.faa-ag.phy",32,138
"busco.23335at7399.faa-ag.phy",35,157
"busco.23339at7399.faa-ag.phy",30,242
"busco.23343at7399.faa-ag.phy",32,152
"busco.23345at7399.faa-ag.phy",32,242
"busco.23369at7399.faa-ag.phy",35,189
"busco.23376at7399.faa-ag.phy",32,237
"busco.23381at7399.faa-ag.phy",30,251
"busco.23409at7399.faa-ag.phy",32,290
"busco.23411at7399.faa-ag.phy",31,279
"busco.23423at7399.faa-ag.phy",31,180
"busco.23430at7399.faa-ag.phy",32,246
"busco.23435at7399.faa-ag.phy",30,267
"busco.2345at7399.faa-ag.phy",30,960
"busco.23467at7399.faa-ag.phy",30,267
"busco.23472at7399.faa-ag.phy",34,269
"busco.23473at7399.faa-ag.phy",30,280
"busco.23474at7399.faa-ag.phy",35,317
"busco.23480at7399.faa-ag.phy",34,360
"busco.23493at7399.faa-ag.phy",34,216
"busco.23495at7399.faa-ag.phy",34,230
"busco.23496at7399.faa-ag.phy",34,242
"busco.23499at7399.faa-ag.phy",35,247
"busco.23519at7399.faa-ag.phy",33,218
"busco.23559at7399.faa-ag.phy",36,250
"busco.23587at7399.faa-ag.phy",30,287
"busco.23598at7399.faa-ag.phy",31,252
"busco.23600at7399.faa-ag.phy",32,250
"busco.23621at7399.faa-ag.phy",32,218
"busco.23632at7399.faa-ag.phy",31,348
"busco.23638at7399.faa-ag.phy",31,351
"busco.23646at7399.faa-ag.phy",32,198
"busco.23650at7399.faa-ag.phy",33,219
"busco.23657at7399.faa-ag.phy",30,250
"busco.23663at7399.faa-ag.phy",34,201
"busco.23680at7399.faa-ag.phy",31,220
"busco.23681at7399.faa-ag.phy",32,198
"busco.23720at7399.faa-ag.phy",34,202
"busco.23721at7399.faa-ag.phy",33,203
"busco.23728at7399.faa-ag.phy",36,240
"busco.2374at7399.faa-ag.phy",30,1048
"busco.23768at7399.faa-ag.phy",31,195
"busco.23769at7399.faa-ag.phy",31,101
"busco.23780at7399.faa-ag.phy",32,201
"busco.23790at7399.faa-ag.phy",36,199
"busco.23793at7399.faa-ag.phy",30,225
"busco.23821at7399.faa-ag.phy",31,210
"busco.23823at7399.faa-ag.phy",32,232
"busco.23826at7399.faa-ag.phy",30,252
"busco.23857at7399.faa-ag.phy",31,185
"busco.23865at7399.faa-ag.phy",34,207
"busco.23875at7399.faa-ag.phy",35,184
"busco.23878at7399.faa-ag.phy",30,371
"busco.23898at7399.faa-ag.phy",31,237
"busco.23904at7399.faa-ag.phy",33,301
"busco.23925at7399.faa-ag.phy",30,217
"busco.239at7399.faa-ag.phy",33,2327
"busco.24000at7399.faa-ag.phy",31,264
"busco.24004at7399.faa-ag.phy",30,260
"busco.24032at7399.faa-ag.phy",34,290
"busco.24039at7399.faa-ag.phy",34,256
"busco.24040at7399.faa-ag.phy",33,281
"busco.24044at7399.faa-ag.phy",30,417
"busco.24055at7399.faa-ag.phy",35,198
"busco.24115at7399.faa-ag.phy",34,249
"busco.24119at7399.faa-ag.phy",32,250
"busco.24126at7399.faa-ag.phy",32,331
"busco.24135at7399.faa-ag.phy",30,197
"busco.2414at7399.faa-ag.phy",34,1051
"busco.24155at7399.faa-ag.phy",34,1093
"busco.24157at7399.faa-ag.phy",30,189
"busco.24158at7399.faa-ag.phy",35,206
"busco.24160at7399.faa-ag.phy",30,213
"busco.24166at7399.faa-ag.phy",35,215
"busco.24184at7399.faa-ag.phy",36,191
"busco.24186at7399.faa-ag.phy",35,175
"busco.24196at7399.faa-ag.phy",35,226
"busco.24204at7399.faa-ag.phy",30,309
"busco.24231at7399.faa-ag.phy",30,204
"busco.24232at7399.faa-ag.phy",35,205
"busco.24249at7399.faa-ag.phy",33,281
"busco.24252at7399.faa-ag.phy",32,235
"busco.24255at7399.faa-ag.phy",33,268
"busco.24267at7399.faa-ag.phy",33,156
"busco.24277at7399.faa-ag.phy",34,192
"busco.24304at7399.faa-ag.phy",31,233
"busco.24334at7399.faa-ag.phy",30,170
"busco.24348at7399.faa-ag.phy",30,215
"busco.24356at7399.faa-ag.phy",33,178
"busco.24357at7399.faa-ag.phy",32,182
"busco.24372at7399.faa-ag.phy",30,300
"busco.24374at7399.faa-ag.phy",31,287
"busco.24375at7399.faa-ag.phy",30,333
"busco.24383at7399.faa-ag.phy",32,210
"busco.24399at7399.faa-ag.phy",31,186
"busco.24401at7399.faa-ag.phy",37,192
"busco.24407at7399.faa-ag.phy",33,215
"busco.24429at7399.faa-ag.phy",30,321
"busco.24446at7399.faa-ag.phy",30,169
"busco.24455at7399.faa-ag.phy",34,289
"busco.24513at7399.faa-ag.phy",31,193
"busco.24528at7399.faa-ag.phy",30,208
"busco.24532at7399.faa-ag.phy",33,190
"busco.24534at7399.faa-ag.phy",34,230
"busco.24537at7399.faa-ag.phy",32,262
"busco.2453at7399.faa-ag.phy",30,1090
"busco.24545at7399.faa-ag.phy",32,189
"busco.24551at7399.faa-ag.phy",32,208
"busco.24553at7399.faa-ag.phy",30,244
"busco.24556at7399.faa-ag.phy",30,194
"busco.24558at7399.faa-ag.phy",34,193
"busco.24560at7399.faa-ag.phy",33,231
"busco.24569at7399.faa-ag.phy",35,289
"busco.24627at7399.faa-ag.phy",34,266
"busco.2463at7399.faa-ag.phy",34,2002
"busco.24648at7399.faa-ag.phy",30,223
"busco.24666at7399.faa-ag.phy",30,214
"busco.24677at7399.faa-ag.phy",35,289
"busco.24686at7399.faa-ag.phy",36,146
"busco.24688at7399.faa-ag.phy",36,219
"busco.24696at7399.faa-ag.phy",30,268
"busco.24703at7399.faa-ag.phy",35,165
"busco.24706at7399.faa-ag.phy",33,182
"busco.24710at7399.faa-ag.phy",31,205
"busco.24725at7399.faa-ag.phy",34,188
"busco.24729at7399.faa-ag.phy",33,219
"busco.24730at7399.faa-ag.phy",35,291
"busco.24736at7399.faa-ag.phy",34,204
"busco.24788at7399.faa-ag.phy",36,115
"busco.24793at7399.faa-ag.phy",36,210
"busco.24794at7399.faa-ag.phy",34,201
"busco.24813at7399.faa-ag.phy",34,188
"busco.2484at7399.faa-ag.phy",30,1046
"busco.24850at7399.faa-ag.phy",34,234
"busco.24872at7399.faa-ag.phy",34,287
"busco.24886at7399.faa-ag.phy",37,227
"busco.2489at7399.faa-ag.phy",32,1083
"busco.24900at7399.faa-ag.phy",34,613
"busco.24904at7399.faa-ag.phy",37,144
"busco.24913at7399.faa-ag.phy",31,186
"busco.24923at7399.faa-ag.phy",37,181
"busco.24935at7399.faa-ag.phy",31,231
"busco.24941at7399.faa-ag.phy",33,212
"busco.24942at7399.faa-ag.phy",31,207
"busco.24976at7399.faa-ag.phy",35,209
"busco.25000at7399.faa-ag.phy",32,188
"busco.25012at7399.faa-ag.phy",31,141
"busco.25016at7399.faa-ag.phy",33,179
"busco.25021at7399.faa-ag.phy",31,207
"busco.25023at7399.faa-ag.phy",34,196
"busco.25027at7399.faa-ag.phy",30,215
"busco.25036at7399.faa-ag.phy",33,230
"busco.25041at7399.faa-ag.phy",35,222
"busco.25062at7399.faa-ag.phy",30,194
"busco.25101at7399.faa-ag.phy",37,181
"busco.25128at7399.faa-ag.phy",33,189
"busco.25129at7399.faa-ag.phy",34,201
"busco.25134at7399.faa-ag.phy",36,207
"busco.25137at7399.faa-ag.phy",36,229
"busco.25146at7399.faa-ag.phy",33,201
"busco.25161at7399.faa-ag.phy",30,172
"busco.25163at7399.faa-ag.phy",33,182
"busco.25173at7399.faa-ag.phy",32,213
"busco.25185at7399.faa-ag.phy",33,174
"busco.25189at7399.faa-ag.phy",32,145
"busco.25191at7399.faa-ag.phy",31,144
"busco.25207at7399.faa-ag.phy",33,252
"busco.25216at7399.faa-ag.phy",33,164
"busco.25224at7399.faa-ag.phy",31,250
"busco.25243at7399.faa-ag.phy",31,232
"busco.25262at7399.faa-ag.phy",32,175
"busco.25283at7399.faa-ag.phy",34,236
"busco.25286at7399.faa-ag.phy",31,271
"busco.25310at7399.faa-ag.phy",34,204
"busco.25317at7399.faa-ag.phy",35,165
"busco.25318at7399.faa-ag.phy",36,342
"busco.25320at7399.faa-ag.phy",35,167
"busco.25327at7399.faa-ag.phy",34,186
"busco.25339at7399.faa-ag.phy",31,207
"busco.25356at7399.faa-ag.phy",35,201
"busco.25359at7399.faa-ag.phy",34,205
"busco.25365at7399.faa-ag.phy",32,288
"busco.25389at7399.faa-ag.phy",34,288
"busco.25410at7399.faa-ag.phy",33,158
"busco.25413at7399.faa-ag.phy",30,197
"busco.25434at7399.faa-ag.phy",30,205
"busco.25435at7399.faa-ag.phy",32,179
"busco.2543at7399.faa-ag.phy",34,803
"busco.25465at7399.faa-ag.phy",31,357
"busco.25483at7399.faa-ag.phy",31,239
"busco.2549at7399.faa-ag.phy",30,963
"busco.25505at7399.faa-ag.phy",30,151
"busco.25513at7399.faa-ag.phy",30, 55
"busco.25563at7399.faa-ag.phy",34,204
"busco.25566at7399.faa-ag.phy",33,257
"busco.25603at7399.faa-ag.phy",31,156
"busco.25608at7399.faa-ag.phy",31,162
"busco.25616at7399.faa-ag.phy",31,246
"busco.25698at7399.faa-ag.phy",31,168
"busco.25710at7399.faa-ag.phy",36,209
"busco.25719at7399.faa-ag.phy",33,265
"busco.25729at7399.faa-ag.phy",33,154
"busco.2572at7399.faa-ag.phy",33,716
"busco.25744at7399.faa-ag.phy",32,223
"busco.25747at7399.faa-ag.phy",32,226
"busco.25748at7399.faa-ag.phy",30,205
"busco.2574at7399.faa-ag.phy",31,998
"busco.25760at7399.faa-ag.phy",34,137
"busco.25766at7399.faa-ag.phy",30,171
"busco.25784at7399.faa-ag.phy",30,194
"busco.2578at7399.faa-ag.phy",31,635
"busco.25794at7399.faa-ag.phy",34,162
"busco.2582at7399.faa-ag.phy",33,882
"busco.25832at7399.faa-ag.phy",32,186
"busco.25835at7399.faa-ag.phy",34,180
"busco.25848at7399.faa-ag.phy",30,238
"busco.25875at7399.faa-ag.phy",31,176
"busco.25879at7399.faa-ag.phy",32,174
"busco.2588at7399.faa-ag.phy",31,721
"busco.25918at7399.faa-ag.phy",35,125
"busco.25919at7399.faa-ag.phy",31,144
"busco.25920at7399.faa-ag.phy",31,157
"busco.25923at7399.faa-ag.phy",35,167
"busco.25930at7399.faa-ag.phy",31,148
"busco.25931at7399.faa-ag.phy",33,180
"busco.25938at7399.faa-ag.phy",33,196
"busco.25939at7399.faa-ag.phy",36,165
"busco.25984at7399.faa-ag.phy",32,189
"busco.25986at7399.faa-ag.phy",32,194
"busco.25988at7399.faa-ag.phy",34,197
"busco.26010at7399.faa-ag.phy",31,158
"busco.26011at7399.faa-ag.phy",36,154
"busco.26015at7399.faa-ag.phy",35,174
"busco.26021at7399.faa-ag.phy",33,184
"busco.26041at7399.faa-ag.phy",32,151
"busco.26055at7399.faa-ag.phy",32,209
"busco.26056at7399.faa-ag.phy",35,219
"busco.26080at7399.faa-ag.phy",30,157
"busco.26081at7399.faa-ag.phy",34,172
"busco.26119at7399.faa-ag.phy",30,181
"busco.26140at7399.faa-ag.phy",33,118
"busco.26179at7399.faa-ag.phy",33,285
"busco.26181at7399.faa-ag.phy",31,239
"busco.26183at7399.faa-ag.phy",30,252
"busco.26191at7399.faa-ag.phy",32,159
"busco.26195at7399.faa-ag.phy",35,201
"busco.26210at7399.faa-ag.phy",36,230
"busco.26212at7399.faa-ag.phy",32,638
"busco.26233at7399.faa-ag.phy",34,248
"busco.26254at7399.faa-ag.phy",32,247
"busco.26273at7399.faa-ag.phy",31,227
"busco.26285at7399.faa-ag.phy",33,162
"busco.26296at7399.faa-ag.phy",34,347
"busco.26298at7399.faa-ag.phy",30,212
"busco.26299at7399.faa-ag.phy",31,186
"busco.2629at7399.faa-ag.phy",34,953
"busco.26315at7399.faa-ag.phy",33,170
"busco.26336at7399.faa-ag.phy",36,185
"busco.26339at7399.faa-ag.phy",31,235
"busco.26344at7399.faa-ag.phy",31,302
"busco.26357at7399.faa-ag.phy",31,169
"busco.26364at7399.faa-ag.phy",34,260
"busco.26377at7399.faa-ag.phy",33,200
"busco.26381at7399.faa-ag.phy",31,166
"busco.26386at7399.faa-ag.phy",33,230
"busco.2644at7399.faa-ag.phy",33,698
"busco.26463at7399.faa-ag.phy",35,154
"busco.26464at7399.faa-ag.phy",30,310
"busco.26470at7399.faa-ag.phy",34,346
"busco.26483at7399.faa-ag.phy",33,191
"busco.26488at7399.faa-ag.phy",31,208
"busco.26491at7399.faa-ag.phy",35,236
"busco.26495at7399.faa-ag.phy",36,234
"busco.26510at7399.faa-ag.phy",31,137
"busco.2655at7399.faa-ag.phy",33,1052
"busco.26582at7399.faa-ag.phy",34,277
"busco.26593at7399.faa-ag.phy",30,261
"busco.26613at7399.faa-ag.phy",35,163
"busco.26614at7399.faa-ag.phy",36,180
"busco.26616at7399.faa-ag.phy",33,116
"busco.26625at7399.faa-ag.phy",34,233
"busco.26637at7399.faa-ag.phy",33,241
"busco.26673at7399.faa-ag.phy",33,166
"busco.26677at7399.faa-ag.phy",36,219
"busco.26680at7399.faa-ag.phy",33,122
"busco.26685at7399.faa-ag.phy",32,215
"busco.26718at7399.faa-ag.phy",31,145
"busco.26721at7399.faa-ag.phy",33,139
"busco.26745at7399.faa-ag.phy",36,164
"busco.26746at7399.faa-ag.phy",32,145
"busco.2674at7399.faa-ag.phy",33,775
"busco.26752at7399.faa-ag.phy",31,191
"busco.26769at7399.faa-ag.phy",32,353
"busco.26789at7399.faa-ag.phy",33,186
"busco.26822at7399.faa-ag.phy",33,198
"busco.26824at7399.faa-ag.phy",32,191
"busco.26834at7399.faa-ag.phy",32,240
"busco.26837at7399.faa-ag.phy",33,171
"busco.26841at7399.faa-ag.phy",35,148
"busco.26876at7399.faa-ag.phy",33,150
"busco.26908at7399.faa-ag.phy",34,179
"busco.26945at7399.faa-ag.phy",30,173
"busco.27006at7399.faa-ag.phy",35,162
"busco.27007at7399.faa-ag.phy",35,156
"busco.27014at7399.faa-ag.phy",34,176
"busco.27030at7399.faa-ag.phy",35,151
"busco.27060at7399.faa-ag.phy",32, 96
"busco.27070at7399.faa-ag.phy",31,189
"busco.27095at7399.faa-ag.phy",36,170
"busco.27123at7399.faa-ag.phy",31,190
"busco.27124at7399.faa-ag.phy",33,169
"busco.27158at7399.faa-ag.phy",30,140
"busco.27176at7399.faa-ag.phy",30,176
"busco.27186at7399.faa-ag.phy",31,232
"busco.27188at7399.faa-ag.phy",30,212
"busco.2719at7399.faa-ag.phy",33,1015
"busco.27218at7399.faa-ag.phy",37,194
"busco.27244at7399.faa-ag.phy",30,193
"busco.27248at7399.faa-ag.phy",37,188
"busco.27249at7399.faa-ag.phy",31,206
"busco.27254at7399.faa-ag.phy",32,248
"busco.27258at7399.faa-ag.phy",30,157
"busco.27262at7399.faa-ag.phy",30,164
"busco.27305at7399.faa-ag.phy",36,254
"busco.27314at7399.faa-ag.phy",32,142
"busco.27316at7399.faa-ag.phy",30,154
"busco.27322at7399.faa-ag.phy",31,168
"busco.27338at7399.faa-ag.phy",33,317
"busco.27342at7399.faa-ag.phy",31,260
"busco.27354at7399.faa-ag.phy",30,170
"busco.27445at7399.faa-ag.phy",33,180
"busco.2746at7399.faa-ag.phy",32,873
"busco.27481at7399.faa-ag.phy",32,180
"busco.27502at7399.faa-ag.phy",34,165
"busco.27552at7399.faa-ag.phy",34,177
"busco.27557at7399.faa-ag.phy",36,165
"busco.27565at7399.faa-ag.phy",34,292
"busco.27567at7399.faa-ag.phy",31,372
"busco.27571at7399.faa-ag.phy",31,351
"busco.27592at7399.faa-ag.phy",30,142
"busco.27593at7399.faa-ag.phy",32,137
"busco.27595at7399.faa-ag.phy",32,152
"busco.27598at7399.faa-ag.phy",34,154
"busco.27599at7399.faa-ag.phy",33,131
"busco.27612at7399.faa-ag.phy",30,140
"busco.27624at7399.faa-ag.phy",31,250
"busco.27640at7399.faa-ag.phy",33,144
"busco.27652at7399.faa-ag.phy",33,194
"busco.27665at7399.faa-ag.phy",31,111
"busco.27668at7399.faa-ag.phy",32,151
"busco.27686at7399.faa-ag.phy",30,214
"busco.27700at7399.faa-ag.phy",30,154
"busco.27724at7399.faa-ag.phy",30,136
"busco.27740at7399.faa-ag.phy",33,223
"busco.27751at7399.faa-ag.phy",30,138
"busco.27772at7399.faa-ag.phy",31,242
"busco.27807at7399.faa-ag.phy",34,159
"busco.27817at7399.faa-ag.phy",33,130
"busco.27819at7399.faa-ag.phy",36,202
"busco.27833at7399.faa-ag.phy",37, 98
"busco.27838at7399.faa-ag.phy",34,160
"busco.27875at7399.faa-ag.phy",33,192
"busco.27890at7399.faa-ag.phy",30,284
"busco.27895at7399.faa-ag.phy",34,121
"busco.27902at7399.faa-ag.phy",33,137
"busco.27923at7399.faa-ag.phy",33,281
"busco.27941at7399.faa-ag.phy",34,236
"busco.27942at7399.faa-ag.phy",32,269
"busco.27945at7399.faa-ag.phy",30,229
"busco.27954at7399.faa-ag.phy",30,109
"busco.27976at7399.faa-ag.phy",30,130
"busco.27987at7399.faa-ag.phy",30,182
"busco.28009at7399.faa-ag.phy",31,180
"busco.28010at7399.faa-ag.phy",32,140
"busco.28012at7399.faa-ag.phy",33,173
"busco.28014at7399.faa-ag.phy",34,178
"busco.28016at7399.faa-ag.phy",32,177
"busco.28029at7399.faa-ag.phy",33,263
"busco.2802at7399.faa-ag.phy",30,831
"busco.28050at7399.faa-ag.phy",33,108
"busco.28054at7399.faa-ag.phy",35,177
"busco.2810at7399.faa-ag.phy",36,1019
"busco.28130at7399.faa-ag.phy",30,251
"busco.28134at7399.faa-ag.phy",35,127
"busco.28153at7399.faa-ag.phy",31,117
"busco.28158at7399.faa-ag.phy",30, 41
"busco.28164at7399.faa-ag.phy",31,203
"busco.28166at7399.faa-ag.phy",32, 96
"busco.28171at7399.faa-ag.phy",31,135
"busco.28173at7399.faa-ag.phy",34,151
"busco.28180at7399.faa-ag.phy",35,140
"busco.28208at7399.faa-ag.phy",32,100
"busco.28225at7399.faa-ag.phy",36,126
"busco.28233at7399.faa-ag.phy",34,131
"busco.28238at7399.faa-ag.phy",30,170
"busco.28243at7399.faa-ag.phy",32,171
"busco.28249at7399.faa-ag.phy",33,109
"busco.28256at7399.faa-ag.phy",33,116
"busco.28257at7399.faa-ag.phy",32,130
"busco.28266at7399.faa-ag.phy",32,132
"busco.28271at7399.faa-ag.phy",30,130
"busco.28273at7399.faa-ag.phy",35,122
"busco.28301at7399.faa-ag.phy",35, 89
"busco.28306at7399.faa-ag.phy",35,142
"busco.28319at7399.faa-ag.phy",31,131
"busco.28334at7399.faa-ag.phy",31,117
"busco.28335at7399.faa-ag.phy",31,124
"busco.28340at7399.faa-ag.phy",31,136
"busco.28362at7399.faa-ag.phy",31,172
"busco.28366at7399.faa-ag.phy",31,360
"busco.28396at7399.faa-ag.phy",30,229
"busco.28398at7399.faa-ag.phy",31,204
"busco.28399at7399.faa-ag.phy",32,134
"busco.28433at7399.faa-ag.phy",31,180
"busco.28464at7399.faa-ag.phy",31,284
"busco.28479at7399.faa-ag.phy",36,138
"busco.28485at7399.faa-ag.phy",31,130
"busco.28497at7399.faa-ag.phy",35,258
"busco.28534at7399.faa-ag.phy",33,114
"busco.28541at7399.faa-ag.phy",34,125
"busco.28548at7399.faa-ag.phy",30,159
"busco.28565at7399.faa-ag.phy",36, 99
"busco.28586at7399.faa-ag.phy",34,160
"busco.2858at7399.faa-ag.phy",34,811
"busco.28597at7399.faa-ag.phy",33,119
"busco.28598at7399.faa-ag.phy",34,116
"busco.285at7399.faa-ag.phy",32,904
"busco.28636at7399.faa-ag.phy",31,160
"busco.28644at7399.faa-ag.phy",31,133
"busco.28666at7399.faa-ag.phy",33,176
"busco.28688at7399.faa-ag.phy",35,108
"busco.28704at7399.faa-ag.phy",36,122
"busco.28739at7399.faa-ag.phy",32,142
"busco.28741at7399.faa-ag.phy",30,147
"busco.28748at7399.faa-ag.phy",33,187
"busco.28765at7399.faa-ag.phy",31,112
"busco.28796at7399.faa-ag.phy",30,117
"busco.28806at7399.faa-ag.phy",33,153
"busco.28820at7399.faa-ag.phy",31, 94
"busco.28822at7399.faa-ag.phy",30,177
"busco.28847at7399.faa-ag.phy",35,211
"busco.28850at7399.faa-ag.phy",31,111
"busco.28865at7399.faa-ag.phy",33,150
"busco.28892at7399.faa-ag.phy",34,122
"busco.28898at7399.faa-ag.phy",30,136
"busco.28916at7399.faa-ag.phy",34,116
"busco.28918at7399.faa-ag.phy",31,121
"busco.28923at7399.faa-ag.phy",35,130
"busco.28932at7399.faa-ag.phy",34,122
"busco.28937at7399.faa-ag.phy",34,174
"busco.28940at7399.faa-ag.phy",33,207
"busco.28943at7399.faa-ag.phy",32,110
"busco.28982at7399.faa-ag.phy",33,111
"busco.28985at7399.faa-ag.phy",32,134
"busco.28990at7399.faa-ag.phy",37,158
"busco.28994at7399.faa-ag.phy",30,120
"busco.29018at7399.faa-ag.phy",36,117
"busco.29073at7399.faa-ag.phy",31,115
"busco.29077at7399.faa-ag.phy",33,112
"busco.29079at7399.faa-ag.phy",32,109
"busco.29087at7399.faa-ag.phy",33,123
"busco.29112at7399.faa-ag.phy",32,117
"busco.29134at7399.faa-ag.phy",30,122
"busco.29159at7399.faa-ag.phy",35,108
"busco.2916at7399.faa-ag.phy",32,947
"busco.29217at7399.faa-ag.phy",32,102
"busco.29227at7399.faa-ag.phy",36,127
"busco.2922at7399.faa-ag.phy",34,844
"busco.29232at7399.faa-ag.phy",36,259
"busco.29233at7399.faa-ag.phy",30,147
"busco.29290at7399.faa-ag.phy",31,110
"busco.29292at7399.faa-ag.phy",33,115
"busco.29303at7399.faa-ag.phy",35,178
"busco.29321at7399.faa-ag.phy",36,130
"busco.29335at7399.faa-ag.phy",32,150
"busco.29365at7399.faa-ag.phy",36,165
"busco.29414at7399.faa-ag.phy",36,130
"busco.29435at7399.faa-ag.phy",32, 80
"busco.29439at7399.faa-ag.phy",30,110
"busco.2943at7399.faa-ag.phy",33,973
"busco.29480at7399.faa-ag.phy",34,134
"busco.2948at7399.faa-ag.phy",31,937
"busco.29491at7399.faa-ag.phy",33, 98
"busco.29553at7399.faa-ag.phy",30,164
"busco.29555at7399.faa-ag.phy",32,178
"busco.29579at7399.faa-ag.phy",30, 86
"busco.2957at7399.faa-ag.phy",31,797
"busco.29595at7399.faa-ag.phy",31,145
"busco.29599at7399.faa-ag.phy",31,133
"busco.29639at7399.faa-ag.phy",34,117
"busco.29643at7399.faa-ag.phy",34,131
"busco.29721at7399.faa-ag.phy",35,102
"busco.29725at7399.faa-ag.phy",35,165
"busco.29727at7399.faa-ag.phy",32,158
"busco.29767at7399.faa-ag.phy",31,134
"busco.2980at7399.faa-ag.phy",35,969
"busco.29845at7399.faa-ag.phy",30,110
"busco.29853at7399.faa-ag.phy",34,106
"busco.29875at7399.faa-ag.phy",37,142
"busco.2987at7399.faa-ag.phy",32,851
"busco.2988at7399.faa-ag.phy",31,974
"busco.29906at7399.faa-ag.phy",35,146
"busco.29925at7399.faa-ag.phy",36,380
"busco.29960at7399.faa-ag.phy",33,177
"busco.29963at7399.faa-ag.phy",35,143
"busco.29994at7399.faa-ag.phy",31,117
"busco.29998at7399.faa-ag.phy",33,109
"busco.30023at7399.faa-ag.phy",35,201
"busco.30028at7399.faa-ag.phy",30, 90
"busco.30029at7399.faa-ag.phy",35,225
"busco.30037at7399.faa-ag.phy",31, 90
"busco.30039at7399.faa-ag.phy",34, 78
"busco.30043at7399.faa-ag.phy",32,127
"busco.30059at7399.faa-ag.phy",33,116
"busco.30067at7399.faa-ag.phy",36,160
"busco.30088at7399.faa-ag.phy",33, 92
"busco.30130at7399.faa-ag.phy",33,145
"busco.30151at7399.faa-ag.phy",31,105
"busco.30154at7399.faa-ag.phy",35,122
"busco.30162at7399.faa-ag.phy",34,114
"busco.30172at7399.faa-ag.phy",36, 98
"busco.30179at7399.faa-ag.phy",31,119
"busco.30182at7399.faa-ag.phy",35,118
"busco.30210at7399.faa-ag.phy",35, 77
"busco.30216at7399.faa-ag.phy",33,141
"busco.30220at7399.faa-ag.phy",34,126
"busco.30222at7399.faa-ag.phy",34, 85
"busco.30251at7399.faa-ag.phy",30,164
"busco.30257at7399.faa-ag.phy",32,213
"busco.30286at7399.faa-ag.phy",33, 82
"busco.30309at7399.faa-ag.phy",34, 80
"busco.30317at7399.faa-ag.phy",33,103
"busco.30326at7399.faa-ag.phy",31,131
"busco.30335at7399.faa-ag.phy",32,406
"busco.30351at7399.faa-ag.phy",30, 76
"busco.30361at7399.faa-ag.phy",33,117
"busco.30373at7399.faa-ag.phy",35,215
"busco.30396at7399.faa-ag.phy",34, 99
"busco.30415at7399.faa-ag.phy",33,111
"busco.30418at7399.faa-ag.phy",32,121
"busco.30437at7399.faa-ag.phy",30,275
"busco.30449at7399.faa-ag.phy",34,114
"busco.30450at7399.faa-ag.phy",34,123
"busco.30457at7399.faa-ag.phy",32,152
"busco.30458at7399.faa-ag.phy",30,106
"busco.30463at7399.faa-ag.phy",30,154
"busco.30482at7399.faa-ag.phy",30,145
"busco.3051at7399.faa-ag.phy",31,1258
"busco.30520at7399.faa-ag.phy",30, 95
"busco.30554at7399.faa-ag.phy",31, 90
"busco.30556at7399.faa-ag.phy",30, 98
"busco.30605at7399.faa-ag.phy",32, 78
"busco.30626at7399.faa-ag.phy",34, 94
"busco.30646at7399.faa-ag.phy",34,132
"busco.3065at7399.faa-ag.phy",33,799
"busco.30678at7399.faa-ag.phy",31,265
"busco.30688at7399.faa-ag.phy",33,140
"busco.30698at7399.faa-ag.phy",30, 88
"busco.3070at7399.faa-ag.phy",32,724
"busco.30727at7399.faa-ag.phy",32,298
"busco.3074at7399.faa-ag.phy",31,891
"busco.30778at7399.faa-ag.phy",31, 73
"busco.30788at7399.faa-ag.phy",33, 87
"busco.30803at7399.faa-ag.phy",32,205
"busco.30823at7399.faa-ag.phy",32, 85
"busco.30827at7399.faa-ag.phy",33,110
"busco.30844at7399.faa-ag.phy",35,107
"busco.30854at7399.faa-ag.phy",32, 79
"busco.30858at7399.faa-ag.phy",31, 97
"busco.30864at7399.faa-ag.phy",32, 90
"busco.30891at7399.faa-ag.phy",33, 87
"busco.30892at7399.faa-ag.phy",33,139
"busco.30894at7399.faa-ag.phy",30,134
"busco.30916at7399.faa-ag.phy",32, 84
"busco.30928at7399.faa-ag.phy",34,163
"busco.30959at7399.faa-ag.phy",33, 86
"busco.30973at7399.faa-ag.phy",34,192
"busco.31024at7399.faa-ag.phy",32, 91
"busco.31035at7399.faa-ag.phy",32,162
"busco.31043at7399.faa-ag.phy",32, 54
"busco.31047at7399.faa-ag.phy",33,100
"busco.31067at7399.faa-ag.phy",32, 64
"busco.31070at7399.faa-ag.phy",33,122
"busco.31079at7399.faa-ag.phy",35,129
"busco.31121at7399.faa-ag.phy",30, 81
"busco.31156at7399.faa-ag.phy",35,115
"busco.31185at7399.faa-ag.phy",31, 78
"busco.31195at7399.faa-ag.phy",32,130
"busco.31204at7399.faa-ag.phy",32, 68
"busco.31206at7399.faa-ag.phy",34, 87
"busco.31218at7399.faa-ag.phy",35,117
"busco.31234at7399.faa-ag.phy",34,174
"busco.31243at7399.faa-ag.phy",35,113
"busco.31272at7399.faa-ag.phy",32, 85
"busco.31286at7399.faa-ag.phy",35,136
"busco.31298at7399.faa-ag.phy",32,166
"busco.31316at7399.faa-ag.phy",34, 62
"busco.31375at7399.faa-ag.phy",33, 90
"busco.31380at7399.faa-ag.phy",33, 79
"busco.31456at7399.faa-ag.phy",31,114
"busco.31483at7399.faa-ag.phy",30, 74
"busco.31537at7399.faa-ag.phy",37,132
"busco.31573at7399.faa-ag.phy",33, 99
"busco.31611at7399.faa-ag.phy",34,106
"busco.31614at7399.faa-ag.phy",34, 95
"busco.31634at7399.faa-ag.phy",34, 70
"busco.3163at7399.faa-ag.phy",32,1065
"busco.31641at7399.faa-ag.phy",31, 97
"busco.31666at7399.faa-ag.phy",32, 83
"busco.3166at7399.faa-ag.phy",32,820
"busco.31714at7399.faa-ag.phy",33,142
"busco.31769at7399.faa-ag.phy",30, 70
"busco.31977at7399.faa-ag.phy",34, 59
"busco.31at7399.faa-ag.phy",30,4154
"busco.32012at7399.faa-ag.phy",33, 90
"busco.32088at7399.faa-ag.phy",30, 77
"busco.32167at7399.faa-ag.phy",35, 79
"busco.3216at7399.faa-ag.phy",31,889
"busco.32214at7399.faa-ag.phy",32, 45
"busco.32312at7399.faa-ag.phy",34,124
"busco.32376at7399.faa-ag.phy",34, 79
"busco.3237at7399.faa-ag.phy",34,1344
"busco.3280at7399.faa-ag.phy",32,1061
"busco.3303at7399.faa-ag.phy",37,188
"busco.3375at7399.faa-ag.phy",30,753
"busco.3411at7399.faa-ag.phy",31,942
"busco.3467at7399.faa-ag.phy",32,344
"busco.346at7399.faa-ag.phy",32,2051
"busco.3597at7399.faa-ag.phy",31,914
"busco.3612at7399.faa-ag.phy",30,829
"busco.3643at7399.faa-ag.phy",35,717
"busco.3644at7399.faa-ag.phy",31,792
"busco.3669at7399.faa-ag.phy",32,1131
"busco.3698at7399.faa-ag.phy",32,1144
"busco.3707at7399.faa-ag.phy",33,455
"busco.3727at7399.faa-ag.phy",31,808
"busco.3729at7399.faa-ag.phy",30,874
"busco.3739at7399.faa-ag.phy",34,425
"busco.3742at7399.faa-ag.phy",31,1047
"busco.3750at7399.faa-ag.phy",33,336
"busco.3763at7399.faa-ag.phy",31,643
"busco.376at7399.faa-ag.phy",31,2171
"busco.3777at7399.faa-ag.phy",34,466
"busco.3793at7399.faa-ag.phy",37,846
"busco.3848at7399.faa-ag.phy",31,1173
"busco.3894at7399.faa-ag.phy",36,732
"busco.3902at7399.faa-ag.phy",32,1017
"busco.3921at7399.faa-ag.phy",31,765
"busco.3930at7399.faa-ag.phy",34,1063
"busco.3945at7399.faa-ag.phy",31,842
"busco.3957at7399.faa-ag.phy",30,908
"busco.4008at7399.faa-ag.phy",35,850
"busco.4025at7399.faa-ag.phy",31,389
"busco.404at7399.faa-ag.phy",30,2001
"busco.4060at7399.faa-ag.phy",32,897
"busco.4066at7399.faa-ag.phy",34,1245
"busco.4075at7399.faa-ag.phy",30,657
"busco.4076at7399.faa-ag.phy",30,730
"busco.4080at7399.faa-ag.phy",34,647
"busco.4098at7399.faa-ag.phy",34,503
"busco.4105at7399.faa-ag.phy",30,726
"busco.4122at7399.faa-ag.phy",30,1108
"busco.412at7399.faa-ag.phy",31,1936
"busco.4155at7399.faa-ag.phy",31,758
"busco.415at7399.faa-ag.phy",32,2366
"busco.416at7399.faa-ag.phy",31,2711
"busco.4171at7399.faa-ag.phy",31,812
"busco.4210at7399.faa-ag.phy",30,863
"busco.4296at7399.faa-ag.phy",34,937
"busco.4324at7399.faa-ag.phy",31,840
"busco.4331at7399.faa-ag.phy",34,880
"busco.4336at7399.faa-ag.phy",30,586
"busco.4345at7399.faa-ag.phy",30,787
"busco.4383at7399.faa-ag.phy",31,799
"busco.438at7399.faa-ag.phy",30,1559
"busco.4450at7399.faa-ag.phy",30,433
"busco.4451at7399.faa-ag.phy",34,539
"busco.4455at7399.faa-ag.phy",31,915
"busco.446at7399.faa-ag.phy",32,1137
"busco.4484at7399.faa-ag.phy",32,756
"busco.4529at7399.faa-ag.phy",32,766
"busco.455at7399.faa-ag.phy",34,1862
"busco.4579at7399.faa-ag.phy",31,765
"busco.4591at7399.faa-ag.phy",30,744
"busco.4653at7399.faa-ag.phy",32,719
"busco.4657at7399.faa-ag.phy",30,442
"busco.4659at7399.faa-ag.phy",34,900
"busco.4669at7399.faa-ag.phy",33,747
"busco.4689at7399.faa-ag.phy",30,1183
"busco.4714at7399.faa-ag.phy",30,1209
"busco.4739at7399.faa-ag.phy",37,769
"busco.4743at7399.faa-ag.phy",30,310
"busco.4747at7399.faa-ag.phy",31,862
"busco.4785at7399.faa-ag.phy",34,789
"busco.4800at7399.faa-ag.phy",31,707
"busco.4803at7399.faa-ag.phy",34,720
"busco.4819at7399.faa-ag.phy",34,1014
"busco.4835at7399.faa-ag.phy",33,696
"busco.4868at7399.faa-ag.phy",31,925
"busco.4872at7399.faa-ag.phy",35,821
"busco.4890at7399.faa-ag.phy",31,633
"busco.4959at7399.faa-ag.phy",30,836
"busco.4976at7399.faa-ag.phy",35,789
"busco.5048at7399.faa-ag.phy",34,630
"busco.5145at7399.faa-ag.phy",33,852
"busco.5146at7399.faa-ag.phy",30,745
"busco.5191at7399.faa-ag.phy",35,834
"busco.5243at7399.faa-ag.phy",32,1082
"busco.5254at7399.faa-ag.phy",33,751
"busco.5267at7399.faa-ag.phy",34,664
"busco.5289at7399.faa-ag.phy",34,391
"busco.5298at7399.faa-ag.phy",31,628
"busco.5312at7399.faa-ag.phy",30,524
"busco.5322at7399.faa-ag.phy",31,718
"busco.5337at7399.faa-ag.phy",31,709
"busco.5353at7399.faa-ag.phy",35,650
"busco.5377at7399.faa-ag.phy",30,550
"busco.5401at7399.faa-ag.phy",36,732
"busco.5492at7399.faa-ag.phy",30,722
"busco.5500at7399.faa-ag.phy",32,927
"busco.5506at7399.faa-ag.phy",31,542
"busco.5515at7399.faa-ag.phy",31,1007
"busco.5521at7399.faa-ag.phy",30,658
"busco.5554at7399.faa-ag.phy",33,820
"busco.556at7399.faa-ag.phy",31,1654
"busco.5576at7399.faa-ag.phy",35,790
"busco.5592at7399.faa-ag.phy",31,862
"busco.5597at7399.faa-ag.phy",32,910
"busco.5611at7399.faa-ag.phy",31,583
"busco.5642at7399.faa-ag.phy",31,843
"busco.5656at7399.faa-ag.phy",30,591
"busco.5695at7399.faa-ag.phy",36,659
"busco.5731at7399.faa-ag.phy",34,775
"busco.5732at7399.faa-ag.phy",30,630
"busco.5739at7399.faa-ag.phy",30,463
"busco.5754at7399.faa-ag.phy",31,801
"busco.5787at7399.faa-ag.phy",32,660
"busco.5818at7399.faa-ag.phy",31,1009
"busco.5850at7399.faa-ag.phy",31,673
"busco.5891at7399.faa-ag.phy",33,741
"busco.5936at7399.faa-ag.phy",31,658
"busco.5947at7399.faa-ag.phy",30,672
"busco.5949at7399.faa-ag.phy",32,973
"busco.5963at7399.faa-ag.phy",34,716
"busco.5965at7399.faa-ag.phy",30,1023
"busco.5972at7399.faa-ag.phy",33,725
"busco.5988at7399.faa-ag.phy",30,695
"busco.5998at7399.faa-ag.phy",33,515
"busco.6014at7399.faa-ag.phy",34,570
"busco.6027at7399.faa-ag.phy",31,761
"busco.6054at7399.faa-ag.phy",32,744
"busco.6058at7399.faa-ag.phy",30,637
"busco.60at7399.faa-ag.phy",30,4234
"busco.6113at7399.faa-ag.phy",33,927
"busco.6120at7399.faa-ag.phy",32,743
"busco.6143at7399.faa-ag.phy",36,712
"busco.6152at7399.faa-ag.phy",30,712
"busco.6163at7399.faa-ag.phy",33,616
"busco.6182at7399.faa-ag.phy",33,597
"busco.6198at7399.faa-ag.phy",35,1293
"busco.6199at7399.faa-ag.phy",30,339
"busco.6222at7399.faa-ag.phy",32,435
"busco.6239at7399.faa-ag.phy",32,395
"busco.6288at7399.faa-ag.phy",34,571
"busco.6297at7399.faa-ag.phy",30,719
"busco.6305at7399.faa-ag.phy",30,617
"busco.6326at7399.faa-ag.phy",32,881
"busco.6387at7399.faa-ag.phy",36,619
"busco.6393at7399.faa-ag.phy",35,706
"busco.6411at7399.faa-ag.phy",35,582
"busco.6414at7399.faa-ag.phy",30,663
"busco.6437at7399.faa-ag.phy",36,599
"busco.6440at7399.faa-ag.phy",32,350
"busco.6448at7399.faa-ag.phy",33,793
"busco.6470at7399.faa-ag.phy",31,569
"busco.6479at7399.faa-ag.phy",32,811
"busco.6519at7399.faa-ag.phy",30,657
"busco.6522at7399.faa-ag.phy",30,623
"busco.6546at7399.faa-ag.phy",31,703
"busco.6549at7399.faa-ag.phy",33,750
"busco.6560at7399.faa-ag.phy",30,489
"busco.6566at7399.faa-ag.phy",30,404
"busco.6596at7399.faa-ag.phy",34,516
"busco.6604at7399.faa-ag.phy",35,697
"busco.6606at7399.faa-ag.phy",32,749
"busco.6617at7399.faa-ag.phy",30,888
"busco.6645at7399.faa-ag.phy",30,528
"busco.6653at7399.faa-ag.phy",30,639
"busco.6671at7399.faa-ag.phy",32,585
"busco.6683at7399.faa-ag.phy",34,558
"busco.6708at7399.faa-ag.phy",32,721
"busco.6740at7399.faa-ag.phy",33,584
"busco.6767at7399.faa-ag.phy",34,579
"busco.6776at7399.faa-ag.phy",34,571
"busco.6784at7399.faa-ag.phy",30,584
"busco.6792at7399.faa-ag.phy",35,513
"busco.6797at7399.faa-ag.phy",32,826
"busco.6814at7399.faa-ag.phy",31,694
"busco.6821at7399.faa-ag.phy",33,640
"busco.6822at7399.faa-ag.phy",32,662
"busco.6870at7399.faa-ag.phy",30,615
"busco.6888at7399.faa-ag.phy",30,778
"busco.6897at7399.faa-ag.phy",35,632
"busco.6899at7399.faa-ag.phy",32,418
"busco.6901at7399.faa-ag.phy",31,682
"busco.6910at7399.faa-ag.phy",32,952
"busco.6913at7399.faa-ag.phy",32,545
"busco.691at7399.faa-ag.phy",34,1567
"busco.6961at7399.faa-ag.phy",33,438
"busco.6964at7399.faa-ag.phy",32,650
"busco.6974at7399.faa-ag.phy",31,584
"busco.699at7399.faa-ag.phy",33,1365
"busco.702at7399.faa-ag.phy",30,1964
"busco.7038at7399.faa-ag.phy",32,588
"busco.7042at7399.faa-ag.phy",33,385
"busco.7089at7399.faa-ag.phy",35,671
"busco.7125at7399.faa-ag.phy",32,455
"busco.7155at7399.faa-ag.phy",32,450
"busco.7198at7399.faa-ag.phy",33,583
"busco.7217at7399.faa-ag.phy",31,482
"busco.7224at7399.faa-ag.phy",32,510
"busco.7225at7399.faa-ag.phy",30,523
"busco.7234at7399.faa-ag.phy",35,489
"busco.7255at7399.faa-ag.phy",30,462
"busco.7274at7399.faa-ag.phy",30,731
"busco.7288at7399.faa-ag.phy",33,714
"busco.7289at7399.faa-ag.phy",31,424
"busco.7313at7399.faa-ag.phy",30,592
"busco.7314at7399.faa-ag.phy",32,608
"busco.7326at7399.faa-ag.phy",34,637
"busco.7361at7399.faa-ag.phy",32,529
"busco.7382at7399.faa-ag.phy",35,349
"busco.7384at7399.faa-ag.phy",30,420
"busco.7391at7399.faa-ag.phy",33,645
"busco.7423at7399.faa-ag.phy",30,643
"busco.7435at7399.faa-ag.phy",35,707
"busco.7444at7399.faa-ag.phy",34,503
"busco.7446at7399.faa-ag.phy",31,614
"busco.7447at7399.faa-ag.phy",33,680
"busco.7460at7399.faa-ag.phy",31,592
"busco.7476at7399.faa-ag.phy",32,629
"busco.7516at7399.faa-ag.phy",32,546
"busco.7530at7399.faa-ag.phy",36,565
"busco.7552at7399.faa-ag.phy",33,731
"busco.7561at7399.faa-ag.phy",30,282
"busco.7562at7399.faa-ag.phy",34,1002
"busco.7580at7399.faa-ag.phy",32,445
"busco.7598at7399.faa-ag.phy",31,810
"busco.7614at7399.faa-ag.phy",30,557
"busco.7626at7399.faa-ag.phy",33,324
"busco.7688at7399.faa-ag.phy",33,755
"busco.7732at7399.faa-ag.phy",30,505
"busco.7741at7399.faa-ag.phy",36,517
"busco.7743at7399.faa-ag.phy",30,361
"busco.7751at7399.faa-ag.phy",34,711
"busco.7755at7399.faa-ag.phy",30,587
"busco.775at7399.faa-ag.phy",33,1719
"busco.7774at7399.faa-ag.phy",30,641
"busco.7783at7399.faa-ag.phy",31,271
"busco.778at7399.faa-ag.phy",31,1569
"busco.7844at7399.faa-ag.phy",33,616
"busco.7849at7399.faa-ag.phy",30,533
"busco.7859at7399.faa-ag.phy",35,582
"busco.7862at7399.faa-ag.phy",30,640
"busco.7882at7399.faa-ag.phy",30,485
"busco.7887at7399.faa-ag.phy",30,375
"busco.7897at7399.faa-ag.phy",32,563
"busco.7908at7399.faa-ag.phy",30,607
"busco.7921at7399.faa-ag.phy",32,625
"busco.7927at7399.faa-ag.phy",35,545
"busco.7929at7399.faa-ag.phy",31,565
"busco.7980at7399.faa-ag.phy",30,550
"busco.7994at7399.faa-ag.phy",33,1849
"busco.7998at7399.faa-ag.phy",31,548
"busco.8012at7399.faa-ag.phy",30,708
"busco.8017at7399.faa-ag.phy",30,617
"busco.8026at7399.faa-ag.phy",30,517
"busco.8039at7399.faa-ag.phy",31,695
"busco.8059at7399.faa-ag.phy",34,1017
"busco.8061at7399.faa-ag.phy",32,550
"busco.8079at7399.faa-ag.phy",31,1211
"busco.8081at7399.faa-ag.phy",32,507
"busco.8084at7399.faa-ag.phy",30,486
"busco.8096at7399.faa-ag.phy",31,610
"busco.8102at7399.faa-ag.phy",30,672
"busco.8106at7399.faa-ag.phy",33,436
"busco.8134at7399.faa-ag.phy",30,559
"busco.8161at7399.faa-ag.phy",31,541
"busco.8217at7399.faa-ag.phy",31,562
"busco.8220at7399.faa-ag.phy",30,568
"busco.8233at7399.faa-ag.phy",32,620
"busco.8269at7399.faa-ag.phy",31,538
"busco.8291at7399.faa-ag.phy",30,577
"busco.82at7399.faa-ag.phy",33,3448
"busco.8303at7399.faa-ag.phy",34,549
"busco.8357at7399.faa-ag.phy",36,587
"busco.8434at7399.faa-ag.phy",31,531
"busco.8473at7399.faa-ag.phy",35,371
"busco.84at7399.faa-ag.phy",31,3408
"busco.850at7399.faa-ag.phy",35,1521
"busco.8511at7399.faa-ag.phy",31,616
"busco.8517at7399.faa-ag.phy",32,127
"busco.8520at7399.faa-ag.phy",34,896
"busco.8535at7399.faa-ag.phy",33,523
"busco.854at7399.faa-ag.phy",31,760
"busco.8558at7399.faa-ag.phy",32,601
"busco.855at7399.faa-ag.phy",33,2314
"busco.8563at7399.faa-ag.phy",32,457
"busco.8575at7399.faa-ag.phy",32,458
"busco.8578at7399.faa-ag.phy",32,688
"busco.8605at7399.faa-ag.phy",30,527
"busco.8621at7399.faa-ag.phy",31,454
"busco.864at7399.faa-ag.phy",30,2564
"busco.8652at7399.faa-ag.phy",35,595
"busco.8665at7399.faa-ag.phy",33,515
"busco.870at7399.faa-ag.phy",34,924
"busco.8720at7399.faa-ag.phy",31,649
"busco.8729at7399.faa-ag.phy",35,507
"busco.8735at7399.faa-ag.phy",32,739
"busco.8746at7399.faa-ag.phy",32,836
"busco.8757at7399.faa-ag.phy",30,664
"busco.8794at7399.faa-ag.phy",35,449
"busco.8796at7399.faa-ag.phy",31,506
"busco.8833at7399.faa-ag.phy",31,533
"busco.8867at7399.faa-ag.phy",30,499
"busco.8870at7399.faa-ag.phy",30,584
"busco.8888at7399.faa-ag.phy",32,695
"busco.8912at7399.faa-ag.phy",32,458
"busco.8914at7399.faa-ag.phy",34,516
"busco.8920at7399.faa-ag.phy",31,608
"busco.8930at7399.faa-ag.phy",30,573
"busco.8941at7399.faa-ag.phy",31,489
"busco.8949at7399.faa-ag.phy",33,1071
"busco.8985at7399.faa-ag.phy",30,485
"busco.8997at7399.faa-ag.phy",31,455
"busco.9001at7399.faa-ag.phy",33,530
"busco.9023at7399.faa-ag.phy",34,643
"busco.9051at7399.faa-ag.phy",34,585
"busco.9074at7399.faa-ag.phy",30,533
"busco.908at7399.faa-ag.phy",30,1815
"busco.9106at7399.faa-ag.phy",30,497
"busco.9132at7399.faa-ag.phy",30,523
"busco.9140at7399.faa-ag.phy",30,536
"busco.9141at7399.faa-ag.phy",34,498
"busco.9152at7399.faa-ag.phy",30,479
"busco.9202at7399.faa-ag.phy",31,608
"busco.9226at7399.faa-ag.phy",31,442
"busco.9262at7399.faa-ag.phy",31,493
"busco.9289at7399.faa-ag.phy",30,489
"busco.9294at7399.faa-ag.phy",33,463
"busco.9299at7399.faa-ag.phy",34,567
"busco.92at7399.faa-ag.phy",31,3933
"busco.9326at7399.faa-ag.phy",34,436
"busco.9376at7399.faa-ag.phy",30,445
"busco.9419at7399.faa-ag.phy",33,513
"busco.9468at7399.faa-ag.phy",34,724
"busco.9483at7399.faa-ag.phy",31,455
"busco.9514at7399.faa-ag.phy",32,491
"busco.9515at7399.faa-ag.phy",34,428
"busco.9520at7399.faa-ag.phy",31,555
"busco.9534at7399.faa-ag.phy",33,479
"busco.9565at7399.faa-ag.phy",31,522
"busco.9590at7399.faa-ag.phy",34,586
"busco.9595at7399.faa-ag.phy",32,508
"busco.9596at7399.faa-ag.phy",33,492
"busco.9608at7399.faa-ag.phy",32,378
"busco.9613at7399.faa-ag.phy",31,669
"busco.9667at7399.faa-ag.phy",36,537
"busco.9669at7399.faa-ag.phy",35,455
"busco.9671at7399.faa-ag.phy",30,460
"busco.9677at7399.faa-ag.phy",34,480
"busco.971at7399.faa-ag.phy",33,1140
"busco.9729at7399.faa-ag.phy",33,504
"busco.9738at7399.faa-ag.phy",30,520
"busco.9768at7399.faa-ag.phy",30,546
"busco.9788at7399.faa-ag.phy",32,580
"busco.9799at7399.faa-ag.phy",34,265
"busco.9815at7399.faa-ag.phy",34,704
"busco.9825at7399.faa-ag.phy",32,475
"busco.9861at7399.faa-ag.phy",30,526
"busco.9879at7399.faa-ag.phy",31,567
"busco.988at7399.faa-ag.phy",33,1246
"busco.9898at7399.faa-ag.phy",36,568
"busco.9932at7399.faa-ag.phy",30,522
"busco.9950at7399.faa-ag.phy",33,627
"busco.9976at7399.faa-ag.phy",32,547
"busco.9985at7399.faa-ag.phy",35,538
"busco.9987at7399.faa-ag.phy",33,472
"busco.9989at7399.faa-ag.phy",34,602
